product_id,brand,name,date,rating,advantages,disadvantages,comment
491037254,Welldone,Пользователь предпочёл скрыть свои данные,21 Мая 2023,3.0,vegan look like ordinary cutlet quite tasty stink cooking lot protein,texture strange normal look like lump sharp although may plus reason pour something like juice oil two piece package cool quickly,
491037254,Welldone,Алеся Х.,1 Апреля 2023,5.0,meatfree delicious,high cutlet take time fry core unlike another company,promotion profitable fasting vegetarian tomato sauce delicious
491037254,Welldone,Лилия Ш.,2 Декабря 2022,5.0,delicious cutlet entire nineyear vegetarian lifethey thick large juicy even first afraid meat structure taste similar general recommend,none everything perfect,made burger oh used restaurant would become richer
491037254,Welldone,Анна Р.,15 Мая 2023,5.0,good nt look much like meat look like,frostbitten one came lot fat frying although good leaked frying pan,
491037254,Welldone,Руссо Оксана,27 Марта 2023,3.0,cool trend towards vegan food,tasty,chicken cutlet like taste plus turned salty good package small trial nt think look like chicken nt remember like even without thinking look like still taste wrong unpleasant read completely
491037254,Welldone,Алина В.,22 Октября 2022,5.0,excellent cutlet mom vegan love much,,
491037254,Welldone,Пользователь предпочёл скрыть свои данные,24 Апреля 2023,3.0,nt know,lying couch suddenly decided become vegan well try change mind right away filth rare,
491037254,Welldone,Павел Р.,25 Апреля 2023,4.0,juicy taste cutlet appearance,seemed lot salt,general good hearty lunch
491037254,Welldone,Ольга П.,14 Мая 2023,5.0,delicious cutlet,,
491037254,Welldone,Луиза Т.,27 Марта 2023,5.0,delicious hearty cutlet even meateating grandmother liked nt need knife break readymade cutlet fork,,take thank good food meat
491037254,Welldone,Пользователь предпочёл скрыть свои данные,9 Апреля 2023,5.0,delicious pity enough,,graininess unsalted balanced pepper eat
491037254,Welldone,Галина,28 Марта 2023,5.0,delicious healthy,little expensive maybe,post helpful grilling husband really came
491037254,Welldone,Юлия Д.,4 Сентября 2022,4.0,taste balanced rich,,
491037254,Welldone,Айгуль Б.,10 Мая 2023,5.0,tasty,,
491037254,Welldone,Вероника Б.,10 Мая 2023,1.0,,,
491037254,Welldone,Пользователь предпочёл скрыть свои данные,изменен 2 Марта 2023,3.0,,,
491037254,Welldone,Пользователь предпочёл скрыть свои данные,23 Марта 2023,5.0,convenient urgently need snack,,different real meat delicious
491037254,Welldone,Елена М.,12 Апреля 2023,5.0,juicy delicious,pc,
491037254,Welldone,Ирина Н.,12 Апреля 2023,5.0,delicious,,recommend
491037254,Welldone,Кузьмина Е.,2 Апреля 2023,5.0,fast convenient post,,
491037254,Welldone,Пользователь предпочёл скрыть свои данные,10 Апреля 2023,4.0,,,
491037254,Welldone,Юлия Д.,30 Марта 2023,5.0,tasty cutlet,,
491037254,Welldone,Пользователь предпочёл скрыть свои данные,10 Марта 2023,5.0,easy cook delicious,,
491037254,Welldone,Вячеслав М.,27 Мая 2023,5.0,,,
491037254,Welldone,Наталья Х.,1 Ноября 2022,5.0,,,tasty cook quickly without oil juicy even nonvegans like rec
491037254,Welldone,Камилла Г.,2 Декабря 2022,5.0,veusnye,piece,often buy vegan
491037254,Welldone,may b.,23 Января 2023,5.0,tasty perfect burger,,
491037254,Welldone,Юлия И.,16 Декабря 2022,5.0,tasty,,advise gentle
491037254,Welldone,Алена К.,23 Декабря 2022,5.0,,,
491037254,Welldone,Екатерина П.,15 Ноября 2022,5.0,,,
491037254,Welldone,Елена Б.,20 Декабря 2022,5.0,delicious cutlet,,
491037254,Welldone,Денис И.,7 Декабря 2022,5.0,delicious,,
491037254,Welldone,Natalia D.,17 Августа 2022,3.0,,tasty smell,
491037254,Welldone,Карнаушенко А.,31 Августа 2022,5.0,tasty,,
491037254,Welldone,Dmitry G.,13 Ноября 2022,5.0,delicious,,
491037254,Welldone,Кристина К.,25 Мая 2023,5.0,,,
491037254,Welldone,Дмитрий Д.,11 Мая 2023,4.0,,,
491037254,Welldone,оксана к.,11 Мая 2023,5.0,,,
491037254,Welldone,Юлия К.,10 Мая 2023,5.0,,,
491037254,Welldone,Елена М.,7 Мая 2023,5.0,,,
491037254,Welldone,Анна А.,26 Апреля 2023,5.0,,,
491037254,Welldone,Олег Б.,26 Апреля 2023,5.0,,,
491037254,Welldone,Jene J.,25 Апреля 2023,5.0,,,
491037254,Welldone,Елена М.,24 Апреля 2023,5.0,,,
491037254,Welldone,елена а.,21 Апреля 2023,5.0,,,
491037254,Welldone,Лия С.,20 Апреля 2023,4.0,,,
491037254,Welldone,Ольга Я.,18 Апреля 2023,5.0,,,
491037254,Welldone,Ева К.,17 Апреля 2023,5.0,,,
491037254,Welldone,Татьяна Р.,16 Апреля 2023,5.0,,,
491037254,Welldone,Кристина Г.,14 Апреля 2023,5.0,,,
491037254,Welldone,Диана С.,12 Апреля 2023,5.0,,,
491037254,Welldone,Елена,10 Апреля 2023,5.0,,,
491037254,Welldone,Александра А.,6 Апреля 2023,5.0,,,
491037254,Welldone,Сыроватская М.,3 Апреля 2023,5.0,,,
491037254,Welldone,Николай П.,2 Апреля 2023,4.0,,,
491037254,Welldone,Александр Д.,2 Апреля 2023,5.0,,,
491037254,Welldone,Луиза Ф.,27 Марта 2023,5.0,,,
491037254,Welldone,svetlana k.,26 Марта 2023,5.0,,,
491037254,Welldone,Дарья А.,25 Марта 2023,5.0,,,
491037254,Welldone,Станислав Ш.,19 Марта 2023,5.0,,,
491037254,Welldone,Ирина К.,18 Марта 2023,5.0,,,
491037254,Welldone,Маргарита В.,16 Марта 2023,5.0,,,
491037254,Welldone,Евгения М.,16 Марта 2023,5.0,,,
491037254,Welldone,Юлия Ш.,14 Марта 2023,5.0,,,
491037254,Welldone,Анастасия М.,12 Марта 2023,5.0,,,
491037254,Welldone,Елена В.,7 Марта 2023,5.0,,,
491037254,Welldone,Елизавета М.,4 Марта 2023,5.0,,,
491037254,Welldone,Ирина Б.,3 Марта 2023,5.0,,,
491037254,Welldone,Анна К.,4 Февраля 2023,5.0,,,
491037254,Welldone,Маргарита Х.,1 Февраля 2023,5.0,,,
491037254,Welldone,Аня И.,26 Января 2023,5.0,,,
491037254,Welldone,Пользователь предпочёл скрыть свои данные,21 Января 2023,5.0,,,
491037254,Welldone,Мария М.,7 Января 2023,5.0,,,
491037254,Welldone,Евгений,21 Декабря 2022,5.0,,,
491037254,Welldone,Юлия Г.,21 Декабря 2022,5.0,,,
491037254,Welldone,Надежда М.,13 Декабря 2022,5.0,,,
491037254,Welldone,Пользователь предпочёл скрыть свои данные,11 Декабря 2022,5.0,,,
491037254,Welldone,Екатерина Г.,6 Декабря 2022,5.0,,,
491037254,Welldone,Пользователь предпочёл скрыть свои данные,5 Декабря 2022,5.0,,,
491037254,Welldone,Алёна М.,1 Декабря 2022,5.0,,,
491037254,Welldone,Пользователь предпочёл скрыть свои данные,28 Ноября 2022,5.0,,,
491037254,Welldone,Света В.,17 Ноября 2022,5.0,,,
491037254,Welldone,Анастасия И.,8 Ноября 2022,5.0,,,
491037254,Welldone,Пользователь предпочёл скрыть свои данные,28 Октября 2022,4.0,,,
491037254,Welldone,Руслан,20 Октября 2022,5.0,,,
491037254,Welldone,Вероника М.,15 Октября 2022,4.0,,,
491037254,Welldone,Павел Ш.,7 Октября 2022,4.0,,,
491037254,Welldone,Анастасия Г.,7 Октября 2022,5.0,,,
491037254,Welldone,Евгения Е.,24 Сентября 2022,5.0,,,
491037254,Welldone,Виктория Е.,19 Сентября 2022,5.0,,,
491037254,Welldone,Злата Г.,19 Сентября 2022,5.0,,,
491037254,Welldone,Аделина С.,15 Сентября 2022,4.0,,,
491037254,Welldone,Екатерина П.,11 Сентября 2022,4.0,,,
491037254,Welldone,Екатерина С.,7 Сентября 2022,5.0,,,
491037254,Welldone,анна с.,7 Сентября 2022,5.0,,,
491037254,Welldone,vladimir t.,6 Сентября 2022,5.0,,,
491037254,Welldone,Kate Z.,5 Сентября 2022,5.0,,,
491037254,Welldone,Ирина Р.,31 Августа 2022,5.0,,,
491037254,Welldone,Елена З.,30 Августа 2022,5.0,,,
491037254,Welldone,Таисия К.,28 Августа 2022,4.0,,,
491165096,Welldone,Лилия Ш.,22 Марта 2023,5.0,delicious juicy cutlet vegan real made burger best cooler meat million time said boyfriend eats meat,pity two thing upaovka would like,
491165096,Welldone,Анна Б.,30 Сентября 2022,1.0,,always bought company time decided order ozone sorry photo expiration date composition refund rejected reason,tell turn case
491165096,Welldone,Пользователь предпочёл скрыть свои данные,16 Мая 2023,4.0,buy product company second time unlike manufacturer product really fairly similar taste meat,price,far financially able take
491165096,Welldone,Марина С.,15 Февраля 2023,3.0,good texture satisfying,unsuccessful spice best composition,vegan experience tried many vegan cutlet honestly say cutlet successful chemical taste flavor additive taste sharp much also insular indicated package composition also perfect starch sugar syrup read completely
491165096,Welldone,Пользователь предпочёл скрыть свои данные,6 Сентября 2022,5.0,well suited burger make delicious,,
491165096,Welldone,Валентина Л.,26 Апреля 2023,5.0,delicious similar meat although nt eaten think still look like,,delicious tasty
491165096,Welldone,Mariya S.,1 Мая 2023,3.0,,,
491165096,Welldone,Наталья П.,4 Апреля 2023,4.0,bymtro preparing,salty,taste fine salty
491165096,Welldone,Ева А.,26 Марта 2023,5.0,taste texture satisfying,,excellent burger patty grilled fall apart like patty side dish super recommend
491165096,Welldone,Пользователь предпочёл скрыть свои данные,16 Апреля 2023,5.0,,,
491165096,Welldone,Жаворонкова Светлана,11 Февраля 2023,5.0,good packaging,taste,unlike vegan burger nt like taste cutlet package could nt even finish one
491165096,Welldone,Анна С.,20 Января 2023,4.0,composition,bitter structure heterogeneous,comparison cutlet vkusville lose direction
491165096,Welldone,Пользователь предпочёл скрыть свои данные,14 Сентября 2022,5.0,tasty cutlet,,usual soy meat even want eat burger perfect eat side dish thing two cutlet package take discount turn well little expensive
491165096,Welldone,Екатерина С.,27 Марта 2023,5.0,delicious cutlet look like meat,,
491165096,Welldone,Пользователь предпочёл скрыть свои данные,17 Декабря 2022,4.0,good meat suitable making pasta,taste juicy meat patty amateur,
491165096,Welldone,Оксана З.,3 Апреля 2023,4.0,,many spice,
491165096,Welldone,Вячеслав М.,27 Мая 2023,5.0,,,
491165096,Welldone,Камилла Г.,5 Декабря 2022,5.0,vegetable product,little dry,delicious likely need fried stewed little juicier
491165096,Welldone,Светлана А.,17 Ноября 2022,5.0,tasty,,first time took try turned even bad ate piece bread lettuce leaf
491165096,Welldone,Кузьмина Е.,5 Марта 2023,5.0,ideal eating post,,
491165096,Welldone,Пользователь предпочёл скрыть свои данные,16 Апреля 2023,5.0,,,
491165096,Welldone,Пользователь предпочёл скрыть свои данные,21 Января 2023,5.0,tasty burger distinguished real one,,
491165096,Welldone,Ольга С.,16 Января 2023,5.0,tasty indistinguishable real meat,,
491165096,Welldone,Evgeniya K.,13 Января 2023,5.0,taste,nt found yet,decent taste quality
491165096,Welldone,Александр,11 Сентября 2022,5.0,great cutlet eat like without burger constantly order product brand,without stock price bite,
491165096,Welldone,Olga,9 Февраля 2023,5.0,,,
491165096,Welldone,Марина А.,6 Февраля 2023,4.0,good texture taste,,
491165096,Welldone,Айгуль С.,13 Января 2023,5.0,tasty incomparably,,
491165096,Welldone,Евгения Савченко,17 Января 2023,5.0,delicious enough,,
491165096,Welldone,Юрий К.,16 Сентября 2022,5.0,good vegan cutlet,nt find,love product company
491165096,Welldone,Евгения С.,1 Марта 2023,5.0,,,
491165096,Welldone,Светлана М.,15 Сентября 2022,5.0,awesome burger delight,,
491165096,Welldone,Алексей К.,11 Сентября 2022,5.0,well norm general hiburgers better,,
491165096,Welldone,Елена Б.,20 Декабря 2022,5.0,tasty,,
491165096,Welldone,Динара Х.,17 Ноября 2022,5.0,delicious,,
491165096,Welldone,Пользователь предпочёл скрыть свои данные,15 Декабря 2022,5.0,,,
491165096,Welldone,Анна Р.,12 Сентября 2022,5.0,,,
491165096,Welldone,Роман С.,21 Мая 2023,5.0,,,
491165096,Welldone,Таисия К.,20 Мая 2023,5.0,,,
491165096,Welldone,оксана к.,11 Мая 2023,5.0,,,
491165096,Welldone,Анна Л.,11 Мая 2023,5.0,,,
491165096,Welldone,Надежда Б.,9 Мая 2023,5.0,,,
491165096,Welldone,Ирина П.,7 Мая 2023,5.0,,,
491165096,Welldone,Елена Ч.,30 Апреля 2023,5.0,,,
491165096,Welldone,Игорь Ф.,26 Апреля 2023,5.0,,,
491165096,Welldone,Олег Б.,26 Апреля 2023,5.0,,,
491165096,Welldone,Екатерина М.,24 Апреля 2023,5.0,,,
491165096,Welldone,Пользователь предпочёл скрыть свои данные,21 Апреля 2023,5.0,,,
491165096,Welldone,Ева К.,17 Апреля 2023,5.0,,,
491165096,Welldone,Татьяна Р.,16 Апреля 2023,5.0,,,
491165096,Welldone,Мария Х.,14 Апреля 2023,5.0,,,
491165096,Welldone,Диана С.,12 Апреля 2023,5.0,,,
491165096,Welldone,Альбина С.,10 Апреля 2023,5.0,,,
491165096,Welldone,Роза Х.,8 Апреля 2023,5.0,,,
491165096,Welldone,Арсений Х.,5 Апреля 2023,5.0,,,
491165096,Welldone,Николай П.,2 Апреля 2023,4.0,,,
491165096,Welldone,Элеонора Ф.,31 Марта 2023,5.0,,,
491165096,Welldone,Юлия Д.,30 Марта 2023,5.0,,,
491165096,Welldone,Юлия К.,26 Марта 2023,5.0,,,
491165096,Welldone,Надежда М.,23 Марта 2023,5.0,,,
491165096,Welldone,Анастасия Х.,22 Марта 2023,5.0,,,
491165096,Welldone,Карине Г.,22 Марта 2023,5.0,,,
491165096,Welldone,Станислав Ш.,21 Марта 2023,5.0,,,
491165096,Welldone,Андрей С.,21 Марта 2023,5.0,,,
491165096,Welldone,Елена С.,15 Марта 2023,5.0,,,
491165096,Welldone,Маргарита Х.,15 Марта 2023,5.0,,,
491165096,Welldone,Ирина К.,13 Марта 2023,5.0,,,
491165096,Welldone,Зинаида Т.,11 Марта 2023,5.0,,,
491165096,Welldone,Анна П.,9 Марта 2023,5.0,,,
491165096,Welldone,Марина Л.,7 Марта 2023,5.0,,,
491165096,Welldone,Алексей К.,24 Февраля 2023,5.0,,,
491165096,Welldone,Полина П.,19 Февраля 2023,5.0,,,
491165096,Welldone,Юлия Х.,13 Февраля 2023,5.0,,,
491165096,Welldone,Игорь Г.,13 Февраля 2023,5.0,,,
491165096,Welldone,Nikolay M.,12 Февраля 2023,4.0,,,
491165096,Welldone,Евгения Е.,11 Февраля 2023,5.0,,,
491165096,Welldone,Анжелика,10 Февраля 2023,5.0,,,
491165096,Welldone,Татьяна Б.,3 Февраля 2023,5.0,,,
491165096,Welldone,Ксения Р.,1 Февраля 2023,5.0,,,
491165096,Welldone,Lev S.,30 Января 2023,5.0,,,
491165096,Welldone,Ольга С.,28 Января 2023,5.0,,,
491165096,Welldone,Алиса А.,15 Января 2023,5.0,,,
491165096,Welldone,Юрий С.,9 Января 2023,5.0,,,
491165096,Welldone,Аида М.,6 Января 2023,5.0,,,
491165096,Welldone,Юлия П.,28 Декабря 2022,4.0,,,
491165096,Welldone,Юлия Л.,15 Декабря 2022,5.0,,,
491165096,Welldone,Пользователь предпочёл скрыть свои данные,11 Декабря 2022,5.0,,,
491165096,Welldone,Екатерина Г.,6 Декабря 2022,5.0,,,
491165096,Welldone,Дарья Л.,1 Декабря 2022,5.0,,,
491165096,Welldone,Владимир А.,29 Ноября 2022,5.0,,,
491165096,Welldone,Дмитрий В.,25 Ноября 2022,4.0,,,
491165096,Welldone,Yana E.,10 Ноября 2022,5.0,,,
491165096,Welldone,Виталия С.,27 Сентября 2022,5.0,,,
491165096,Welldone,Софья Б.,24 Сентября 2022,5.0,,,
491165096,Welldone,Гульшат,23 Сентября 2022,5.0,,,
491165096,Welldone,Марат Я.,22 Сентября 2022,5.0,,,
491165096,Welldone,Ирина И.,21 Сентября 2022,5.0,,,
491165096,Welldone,Виктория Е.,19 Сентября 2022,5.0,,,
491165096,Welldone,Евгения С.,16 Сентября 2022,5.0,,,
491165096,Welldone,Виктория Л.,14 Сентября 2022,5.0,,,
491083590,Welldone,Пользователь предпочёл скрыть свои данные,22 Ноября 2022,5.0,favorite vegan mince,,friend mom husband eat meat love cook lasagna pasta minced meat
491083590,Welldone,Татьяна М.,24 Января 2023,5.0,good composition similar realistic even nonfans vegan product like,,tasty minced meat
491083590,Welldone,М М.,18 Ноября 2022,5.0,made bolognese sauce spaghetti fire fire thank much dream experimenting casserole pancake meat stuffed pepper dish childhood without meat,,thanks
491083590,Welldone,Светлана В.,1 Апреля 2023,5.0,good,,
491083590,Welldone,Елена П.,30 Апреля 2023,5.0,take third time delicious,,made lasagna simply delicious pasta
491083590,Welldone,Марина С.,27 Марта 2023,5.0,taste juicy meat oddly enough,,made quesadilla minced meat ate complete feeling minced meat cross beef lamb really liked delicious burger patty recommend
491083590,Welldone,Ирина,6 Апреля 2023,5.0,advantage often take minced meat make vegan lasagna turn great ca nt tell difference meat delicious whole family eats pleasure,,
491083590,Welldone,Юлия Ш.,12 Марта 2023,5.0,tasty,,good minced meat wonderful taste structure compositioneverything super definitely order compare soy minced meat dry meat really liked pasta navy
491083590,Welldone,Ольга Л.,5 Января 2023,2.0,vegetable product,oversalted high price,nt like minced meat nt tasty salty
491083590,Welldone,Айгуль Б.,10 Мая 2023,5.0,tasty,,
491083590,Welldone,Анна К.,20 Апреля 2023,5.0,yummy bolognese super,,
491083590,Welldone,Пользователь предпочёл скрыть свои данные,8 Мая 2023,5.0,,expensive,delicious
491083590,Welldone,Ольга Н.,29 Января 2023,5.0,best meatless stuffing ever made bolognese lasagna even burger taste great importantly feeling heaviness,rarely available,highly recommend stuffing
491083590,Welldone,Геннадий Щ.,31 Января 2023,5.0,gram vegetable minced meat meatball meatball fairly small amount time,,bread flavor
491083590,Welldone,Елена К.,16 Апреля 2023,5.0,,,
491083590,Welldone,Пользователь предпочёл скрыть свои данные,10 Октября 2022,5.0,,,
491083590,Welldone,Пользователь предпочёл скрыть свои данные,1 Декабря 2022,5.0,taste,price,tasty started life without meat general picky lasagna minced meat indistinguishable meat iz
491083590,Welldone,Анастасия С.,18 Сентября 2022,5.0,,,
491083590,Welldone,Кузьмина Е.,5 Марта 2023,5.0,bought post autumn help,,
491083590,Welldone,Юлия И.,16 Декабря 2022,5.0,excellent stuffing,,dumpling little dry add carrot cabbage white excellent
491083590,Welldone,Ирина К.,22 Апреля 2023,1.0,,,
491083590,Welldone,Ксения С.,14 Октября 2022,5.0,,,
491083590,Welldone,Ольга,12 Января 2023,5.0,quite tasty quickly fried,,
491083590,Welldone,Татьяна В.,20 Декабря 2022,5.0,favorite minced meat conveniently divided portion,,
491083590,Welldone,Алена К.,23 Декабря 2022,5.0,,,
491083590,Welldone,Мария М.,26 Ноября 2022,5.0,good minced meat suitable lasagna perfectly,,
491083590,Welldone,Юрий К.,16 Сентября 2022,5.0,decent vegan stuffing,nt find,love product company
491083590,Welldone,Валерия Е.,27 Января 2023,5.0,tasty,dear,
491083590,Welldone,Вера,11 Февраля 2023,5.0,,,
491083590,Welldone,Дарья Д.,30 Октября 2022,1.0,,,
491083590,Welldone,Dmitry G.,13 Ноября 2022,5.0,delicious,,
491083590,Welldone,Анастасия Л.,24 Мая 2023,5.0,,,
491083590,Welldone,Анна Р.,12 Сентября 2022,5.0,,,
491083590,Welldone,Наталья Р.,22 Мая 2023,5.0,,,
491083590,Welldone,Вероника Б.,10 Мая 2023,4.0,,,
491083590,Welldone,Ирина П.,7 Мая 2023,5.0,,,
491083590,Welldone,Юлия К.,25 Апреля 2023,5.0,,,
491083590,Welldone,Пользователь предпочёл скрыть свои данные,21 Апреля 2023,5.0,,,
491083590,Welldone,Екатерина Г.,19 Апреля 2023,5.0,,,
491083590,Welldone,Ирина П.,18 Апреля 2023,5.0,,,
491083590,Welldone,Ольга Я.,18 Апреля 2023,5.0,,,
491083590,Welldone,Карина К.,18 Апреля 2023,5.0,,,
491083590,Welldone,Татьяна Р.,16 Апреля 2023,5.0,,,
491083590,Welldone,Анна К.,16 Апреля 2023,5.0,,,
491083590,Welldone,Арсений Х.,5 Апреля 2023,5.0,,,
491083590,Welldone,Полина Л.,5 Апреля 2023,5.0,,,
491083590,Welldone,Vika N.,2 Апреля 2023,5.0,,,
491083590,Welldone,Алина А.,29 Марта 2023,5.0,,,
491083590,Welldone,Катя М.,26 Марта 2023,5.0,,,
491083590,Welldone,Наталья Т.,22 Марта 2023,5.0,,,
491083590,Welldone,Карине Г.,22 Марта 2023,5.0,,,
491083590,Welldone,Евгения М.,16 Марта 2023,4.0,,,
491083590,Welldone,Евгения О.,14 Марта 2023,5.0,,,
491083590,Welldone,Шолопа А.,13 Марта 2023,5.0,,,
491083590,Welldone,Светлана Д.,8 Марта 2023,5.0,,,
491083590,Welldone,Анастасия К.,7 Марта 2023,5.0,,,
491083590,Welldone,Стриканова А.,7 Марта 2023,5.0,,,
491083590,Welldone,Валентина Щ.,2 Марта 2023,5.0,,,
491083590,Welldone,Irina S.,1 Марта 2023,5.0,,,
491083590,Welldone,Vosto V.,26 Февраля 2023,5.0,,,
491083590,Welldone,Кристина Д.,24 Февраля 2023,5.0,,,
491083590,Welldone,Сергей Б.,23 Февраля 2023,4.0,,,
491083590,Welldone,Елена Л.,19 Февраля 2023,5.0,,,
491083590,Welldone,Светлана С.,17 Февраля 2023,5.0,,,
491083590,Welldone,Анжелика,10 Февраля 2023,5.0,,,
491083590,Welldone,Баранова И.,7 Февраля 2023,5.0,,,
491083590,Welldone,Валерия А.,1 Февраля 2023,5.0,,,
491083590,Welldone,Ирина К.,25 Января 2023,5.0,,,
491083590,Welldone,Мария Б.,22 Января 2023,5.0,,,
491083590,Welldone,Лилия Г.,19 Января 2023,5.0,,,
491083590,Welldone,Дмитрий К.,15 Января 2023,5.0,,,
491083590,Welldone,Элла О.,7 Января 2023,5.0,,,
491083590,Welldone,Сергей С.,3 Января 2023,5.0,,,
491083590,Welldone,Лера В.,26 Декабря 2022,5.0,,,
491083590,Welldone,Татьяна К.,26 Декабря 2022,5.0,,,
491083590,Welldone,Пользователь предпочёл скрыть свои данные,22 Декабря 2022,5.0,,,
491083590,Welldone,Елена Б.,20 Декабря 2022,5.0,,,
491083590,Welldone,Реук А.,8 Декабря 2022,4.0,,,
491083590,Welldone,Денис И.,7 Декабря 2022,5.0,,,
491083590,Welldone,Пользователь предпочёл скрыть свои данные,5 Декабря 2022,5.0,,,
491083590,Welldone,Тимур Я.,3 Декабря 2022,5.0,,,
491083590,Welldone,Лейла Б.,2 Декабря 2022,5.0,,,
491083590,Welldone,Офелия S.,2 Декабря 2022,5.0,,,
491083590,Welldone,Роман П.,26 Ноября 2022,5.0,,,
491083590,Welldone,Кокин А.,22 Ноября 2022,5.0,,,
491083590,Welldone,Света В.,17 Ноября 2022,5.0,,,
491083590,Welldone,Екатерина П.,15 Ноября 2022,4.0,,,
491083590,Welldone,Богдан Г.,14 Ноября 2022,5.0,,,
491083590,Welldone,Николь Е.,12 Ноября 2022,5.0,,,
491083590,Welldone,Лика Д.,10 Ноября 2022,5.0,,,
491083590,Welldone,Сергей С.,7 Ноября 2022,5.0,,,
491083590,Welldone,Anna K.,3 Ноября 2022,5.0,,,
491083590,Welldone,Юлия,23 Октября 2022,5.0,,,
491083590,Welldone,Ирина П.,21 Октября 2022,5.0,,,
491083590,Welldone,Руслан,20 Октября 2022,5.0,,,
491083590,Welldone,Максим Р.,19 Октября 2022,5.0,,,
491083590,Welldone,Владислав Л.,13 Октября 2022,5.0,,,
491083590,Welldone,Надежда Х.,23 Сентября 2022,5.0,,,
491083590,Welldone,Ксения З.,16 Сентября 2022,5.0,,,
491083590,Welldone,Виктория Л.,14 Сентября 2022,5.0,,,
229186105,Healthy Innovation,Винокурова Ольга,29 Марта 2023,5.0,delicious burger patty,expensive,
229186105,Healthy Innovation,Екатерина П.,14 Апреля 2023,5.0,tasty juicy,running fast,tasty cutlet thick burger divide half fine recommend order
229186105,Healthy Innovation,Анастасия Р.,21 Мая 2023,5.0,taste quality,price,cutlet separate package
229186105,Healthy Innovation,Дарья П.,25 Мая 2023,5.0,taste perfect nt eaten beef long time seems even tastier cook much faster,,
229186105,Healthy Innovation,Аделина А.,12 Мая 2023,5.0,,fatty necessary fry without oil,
229186105,Healthy Innovation,Пользователь предпочёл скрыть свои данные,25 Мая 2023,5.0,,,
229186105,Healthy Innovation,Инга С.,19 Мая 2023,5.0,tasty easy cook,,always take ozone good price
229186105,Healthy Innovation,joxjgk н.,изменен 2 Апреля 2023,1.0,tasty,new burgundy box written neither ratio concrete composition information old packaging brought new one right,violation law complain rospotrebnadzor
229186105,Healthy Innovation,Георгий Я.,8 Мая 2023,5.0,really liked good taste juicy quick cook take periodically pleasure,,
229186105,Healthy Innovation,Екатерина П.,14 Мая 2023,5.0,cannon bomb rocket delicious,,
229186105,Healthy Innovation,Виктория С.,23 Апреля 2023,5.0,tasty,addictive,digested perfectly
229186105,Healthy Innovation,Анна З.,4 Мая 2023,4.0,good alternative usual cutlet post,fat,
229186105,Healthy Innovation,Павел Л.,10 Апреля 2023,5.0,grill tasty almost like meat,well would like little cheaper,definitely recommend
229186105,Healthy Innovation,Елена Н.,12 Мая 2023,5.0,tasty,fat,
229186105,Healthy Innovation,Лорена С.,17 Апреля 2023,5.0,taste naturalness composition,,excellent product dilutes diet
229186105,Healthy Innovation,Пользователь предпочёл скрыть свои данные,14 Апреля 2023,5.0,unexpectedly tasty bought post buy like,,
229186105,Healthy Innovation,Станислава Д.,20 Апреля 2023,5.0,delicious cutlet love company hi,,
229186105,Healthy Innovation,Юлия К.,22 Апреля 2023,5.0,taste meat,,nt taste better
229186105,Healthy Innovation,Пользователь предпочёл скрыть свои данные,9 Апреля 2023,5.0,tasty bother,,cool post
229186105,Healthy Innovation,Владимир З.,29 Марта 2023,5.0,best class take,,
229186105,Healthy Innovation,Пользователь предпочёл скрыть свои данные,28 Марта 2023,5.0,favorite producer vegetable cutlet,,
229186105,Healthy Innovation,Ирина И.,24 Марта 2023,5.0,well tasty cutlet,expensive,
229186105,Healthy Innovation,Екатерина С.,27 Марта 2023,5.0,excellent cutlet delicious,,
229186105,Healthy Innovation,илья ш.,4 Апреля 2023,5.0,tasty,,
229186105,Healthy Innovation,Максим Е.,30 Марта 2023,5.0,tasty cutlet,,
229186105,Healthy Innovation,Валерия Ф.,8 Апреля 2023,5.0,best cutlet,,
229186105,Healthy Innovation,наталья с.,5 Апреля 2023,5.0,,,
229186105,Healthy Innovation,арановская светлана,27 Мая 2023,5.0,,,
229186105,Healthy Innovation,Пользователь предпочёл скрыть свои данные,2 Апреля 2023,5.0,tasty,,
229186105,Healthy Innovation,Павел М.,25 Марта 2023,5.0,gorgeous,,
229186105,Healthy Innovation,Алла А.,25 Марта 2023,5.0,,,
229186105,Healthy Innovation,Федор К.,19 Апреля 2023,5.0,,,
229186105,Healthy Innovation,Rita,29 Марта 2023,5.0,delicious,,
229186105,Healthy Innovation,Тамара С.,29 Марта 2023,5.0,,,
229186105,Healthy Innovation,Анна Ф.,26 Мая 2023,5.0,,,
229186105,Healthy Innovation,Екатерина П.,24 Мая 2023,5.0,,,
229186105,Healthy Innovation,Кирилл С.,24 Мая 2023,5.0,,,
229186105,Healthy Innovation,Анастасия Л.,24 Мая 2023,5.0,,,
229186105,Healthy Innovation,Оксана К.,23 Мая 2023,5.0,,,
229186105,Healthy Innovation,Лиля Н.,22 Мая 2023,5.0,,,
229186105,Healthy Innovation,Артём П.,22 Мая 2023,5.0,,,
229186105,Healthy Innovation,Rina K.,22 Мая 2023,5.0,,,
229186105,Healthy Innovation,Маргарита М.,20 Мая 2023,5.0,,,
229186105,Healthy Innovation,отто юлия,18 Мая 2023,5.0,,,
229186105,Healthy Innovation,Ольга В.,18 Мая 2023,5.0,,,
229186105,Healthy Innovation,Кирилл К.,17 Мая 2023,5.0,,,
229186105,Healthy Innovation,Алексей В.,16 Мая 2023,5.0,,,
229186105,Healthy Innovation,Хадижат А.,15 Мая 2023,5.0,,,
229186105,Healthy Innovation,Пользователь предпочёл скрыть свои данные,15 Мая 2023,5.0,,,
229186105,Healthy Innovation,Пользователь предпочёл скрыть свои данные,15 Мая 2023,5.0,,,
229186105,Healthy Innovation,Key M.,14 Мая 2023,5.0,,,
229186105,Healthy Innovation,Анастасия Л.,12 Мая 2023,5.0,,,
229186105,Healthy Innovation,Виталий Ц.,12 Мая 2023,5.0,,,
229186105,Healthy Innovation,Валентина,11 Мая 2023,5.0,,,
229186105,Healthy Innovation,Марина И.,11 Мая 2023,5.0,,,
229186105,Healthy Innovation,Екатерина,10 Мая 2023,5.0,,,
229186105,Healthy Innovation,Дарья Ч.,6 Мая 2023,5.0,,,
229186105,Healthy Innovation,Людмила Н.,4 Мая 2023,5.0,,,
229186105,Healthy Innovation,Анастасия Т.,4 Мая 2023,5.0,,,
229186105,Healthy Innovation,Юлия В.,2 Мая 2023,5.0,,,
229186105,Healthy Innovation,Мария А.,2 Мая 2023,5.0,,,
229186105,Healthy Innovation,Вячеслав С.,1 Мая 2023,5.0,,,
229186105,Healthy Innovation,Влад С.,1 Мая 2023,5.0,,,
229186105,Healthy Innovation,Елена Ж.,28 Апреля 2023,5.0,,,
229186105,Healthy Innovation,Владислав Ш.,28 Апреля 2023,5.0,,,
229186105,Healthy Innovation,Александр М.,27 Апреля 2023,5.0,,,
229186105,Healthy Innovation,Евгения,27 Апреля 2023,5.0,,,
229186105,Healthy Innovation,Владислав Б.,26 Апреля 2023,5.0,,,
229186105,Healthy Innovation,Александра С.,26 Апреля 2023,5.0,,,
229186105,Healthy Innovation,Пользователь предпочёл скрыть свои данные,24 Апреля 2023,5.0,,,
229186105,Healthy Innovation,Лорена С.,24 Апреля 2023,5.0,,,
229186105,Healthy Innovation,Артём П.,24 Апреля 2023,5.0,,,
229186105,Healthy Innovation,Алина Д.,24 Апреля 2023,5.0,,,
229186105,Healthy Innovation,Илья П.,23 Апреля 2023,5.0,,,
229186105,Healthy Innovation,Владислав С.,21 Апреля 2023,5.0,,,
229186105,Healthy Innovation,Златушик,21 Апреля 2023,5.0,,,
229186105,Healthy Innovation,Владимир Т.,10 Апреля 2023,5.0,,,
229186105,Healthy Innovation,Владислав Ш.,8 Апреля 2023,5.0,,,
229186105,Healthy Innovation,Усольцева Ирина,7 Апреля 2023,5.0,,,
229186105,Healthy Innovation,Константин Т.,7 Апреля 2023,5.0,,,
229186105,Healthy Innovation,Константин Т.,7 Апреля 2023,5.0,,,
229186105,Healthy Innovation,Алексей М.,6 Апреля 2023,5.0,,,
229186105,Healthy Innovation,Екатерина Б.,5 Апреля 2023,5.0,,,
229186105,Healthy Innovation,Полина Л.,5 Апреля 2023,5.0,,,
229186105,Healthy Innovation,Ольга Н.,3 Апреля 2023,5.0,,,
229186105,Healthy Innovation,Екатерина М.,2 Апреля 2023,4.0,,,
229186105,Healthy Innovation,Ирина К.,1 Апреля 2023,5.0,,,
229186105,Healthy Innovation,Анастасия А.,31 Марта 2023,4.0,,,
229186105,Healthy Innovation,Кислицина Ольга,30 Марта 2023,5.0,,,
229186105,Healthy Innovation,Евгений Р.,29 Марта 2023,5.0,,,
229186105,Healthy Innovation,Елена С.,28 Марта 2023,5.0,,,
229186105,Healthy Innovation,Соколова К.,28 Марта 2023,5.0,,,
229186105,Healthy Innovation,Майя И.,27 Марта 2023,5.0,,,
229186105,Healthy Innovation,Елена Б.,27 Марта 2023,5.0,,,
229186105,Healthy Innovation,Аля Б.,26 Марта 2023,5.0,,,
229186105,Healthy Innovation,екатерина г.,26 Марта 2023,5.0,,,
229186105,Healthy Innovation,Александр Д.,25 Марта 2023,5.0,,,
229186105,Healthy Innovation,Зарема Т.,25 Марта 2023,5.0,,,
229186105,Healthy Innovation,Арина К.,24 Марта 2023,5.0,,,
229186105,Healthy Innovation,Андрей С.,24 Марта 2023,5.0,,,
229186105,Healthy Innovation,Евгений С.,10 Декабря 2022,5.0,,,
229186105,Healthy Innovation,Tanja K.,10 Декабря 2022,5.0,really liked even meat eater eat pleasure perfectly packaged individually packaged easy prepare great sandwich burger recommend,,
229186105,Healthy Innovation,Пользователь предпочёл скрыть свои данные,10 Декабря 2022,5.0,,,
229186105,Healthy Innovation,Марина Т.,9 Декабря 2022,5.0,,,
229186105,Healthy Innovation,Пользователь предпочёл скрыть свои данные,8 Декабря 2022,5.0,,,
229186105,Healthy Innovation,Света Р.,7 Декабря 2022,5.0,,,
229186105,Healthy Innovation,Арнольд Ш.,24 Декабря 2022,3.0,worthy alternative meat,frying stink much,
229186105,Healthy Innovation,Мария К.,7 Декабря 2022,5.0,,,
229186105,Healthy Innovation,Александр Б.,7 Декабря 2022,5.0,tasty,,
229186105,Healthy Innovation,Денис И.,23 Декабря 2022,5.0,mega delicious,,distinguished usual one like grandma childhood
229186105,Healthy Innovation,Olga R.,6 Декабря 2022,5.0,,,
229186105,Healthy Innovation,Екатерина А.,6 Декабря 2022,5.0,,,
229186105,Healthy Innovation,Елизавета С.,5 Декабря 2022,5.0,,,
229186105,Healthy Innovation,Ольга К.,5 Декабря 2022,5.0,cutlet sooo delicious,,possible vegan
229186105,Healthy Innovation,Юрий Д.,5 Декабря 2022,5.0,texture taste indistinguishable meat,,
229186105,Healthy Innovation,Марина Э.,5 Декабря 2022,5.0,,,
229186105,Healthy Innovation,Elena E.,4 Декабря 2022,5.0,delicious juicy nutritious,,
229186105,Healthy Innovation,Елизавета В.,3 Декабря 2022,5.0,,,
229186105,Healthy Innovation,Пользователь предпочёл скрыть свои данные,19 Декабря 2022,1.0,always great cutlet,spoiled one came,buy quite often first time arrived spoiled feel like thawed frozen back collapsed disgusting smell taste frying given cost unacceptable better overpay hundred ruble buy store
229186105,Healthy Innovation,Анна С.,30 Ноября 2022,5.0,,,
229186105,Healthy Innovation,Александр,14 Декабря 2022,5.0,tasty delicious,,thanks ozon opportunity buy
229186105,Healthy Innovation,Ксения Г.,30 Ноября 2022,5.0,best cutlet world,,
229186105,Healthy Innovation,Пользователь предпочёл скрыть свои данные,30 Ноября 2022,5.0,nutritious delicious,,recommend
229186105,Healthy Innovation,Мария И.,29 Ноября 2022,5.0,,,
229186105,Healthy Innovation,Наталья С.,29 Ноября 2022,5.0,,,
229186105,Healthy Innovation,Елизавета С.,28 Ноября 2022,5.0,,,
229186105,Healthy Innovation,Станислава С.,27 Ноября 2022,5.0,,,
229186105,Healthy Innovation,Сергей А.,27 Ноября 2022,5.0,,,
229186105,Healthy Innovation,Лидия Ц.,26 Ноября 2022,5.0,,,
229186105,Healthy Innovation,Жанна С.,26 Ноября 2022,4.0,,,
229186105,Healthy Innovation,Андрей Ш.,26 Ноября 2022,5.0,,,
229186105,Healthy Innovation,Андрей,22 Ноября 2022,5.0,,,
229186105,Healthy Innovation,Юлия Т.,21 Ноября 2022,4.0,,,
229186105,Healthy Innovation,Мария М.,21 Ноября 2022,5.0,delicious cutlet,,
229186105,Healthy Innovation,Кристина Л.,21 Ноября 2022,5.0,,,
229186105,Healthy Innovation,Елена Ф.,20 Ноября 2022,5.0,,,
229186105,Healthy Innovation,Мария К.,2 Декабря 2022,5.0,,,
229186105,Healthy Innovation,Пользователь предпочёл скрыть свои данные,2 Декабря 2022,5.0,delicious satisfying,,lovely cutlet
229186105,Healthy Innovation,Пользователь предпочёл скрыть свои данные,17 Ноября 2022,5.0,,,
229186105,Healthy Innovation,Игорь Г.,16 Ноября 2022,5.0,delicious vegetarian cutlet tried many option including foreign one,,
229186105,Healthy Innovation,Юля П.,15 Ноября 2022,5.0,tasty delivered time package whole,,make burger delicious satisfying definitely buy
229186105,Healthy Innovation,Анна К.,15 Ноября 2022,5.0,super delicious vegan cutlet think even people traditional diet understand vegetable,,delicious satisfying cook quickly
229186105,Healthy Innovation,Юлия К.,15 Ноября 2022,5.0,best cutlet segment,,
229186105,Healthy Innovation,Екатерина З.,14 Ноября 2022,5.0,packaging,price biting,tasty feel like eating beef patty thought burger would turn soso eating meat many year wow eat like even side dish add lingonberry sauce feel like eating meatball ikea
229186105,Healthy Innovation,Буркова К.,13 Ноября 2022,5.0,,,
229186105,Healthy Innovation,Наталья Г.,12 Ноября 2022,5.0,,,
229186105,Healthy Innovation,Анна,12 Ноября 2022,5.0,best vegetable cutlet vegan one tried,,fry longer indicated package drier like better way
229186105,Healthy Innovation,Дария Д.,12 Ноября 2022,5.0,tasty cutlet meateater friend even take soy stunned burger delicious independent dish high,missing,
229186105,Healthy Innovation,Владимир,12 Ноября 2022,5.0,,,
229186105,Healthy Innovation,Дмитрий Е.,12 Ноября 2022,5.0,,,
229186105,Healthy Innovation,Дарья М.,11 Ноября 2022,5.0,,,
229186105,Healthy Innovation,Ольга П.,11 Ноября 2022,5.0,,,
229186105,Healthy Innovation,Анастасия Л.,10 Ноября 2022,5.0,,,
229186105,Healthy Innovation,Дарья В.,10 Ноября 2022,5.0,best alternative cutlet market term taste profitable buy format,,
229186105,Healthy Innovation,Наталья К.,15 Ноября 2022,5.0,damn delicious juicy defrosting required lot cutlet box,,really hope harmful still afraid soy modified nt eat animal bird rd year already sometimes buy soy meat son rarely give burger cutlet good bun vkusville lettuce leaf tomato read completely
229186105,Healthy Innovation,Алия К.,9 Ноября 2022,5.0,,,
229186105,Healthy Innovation,Анастасия И.,изменен 29 Декабря 2022,5.0,texture taste consistency,,opinion delicious cutlet vegetable triedthank much manufacturer
229186105,Healthy Innovation,Веды С.,9 Ноября 2022,5.0,,,
229186105,Healthy Innovation,Валентин В.,8 Ноября 2022,5.0,,,
229186105,Healthy Innovation,Прус Наталья,8 Ноября 2022,5.0,,,
229186105,Healthy Innovation,Братцева Татьяна,6 Ноября 2022,5.0,taste convenient packaging,,delicious meat patty usually feeling heaviness everything fine
229186105,Healthy Innovation,Kristina S.,6 Ноября 2022,5.0,delicious,,quickly cooked hearty perfect
229186105,Healthy Innovation,Вероника Е.,5 Ноября 2022,5.0,delicious vegan cutlet texture taste perfect,,
229186105,Healthy Innovation,Татьяна С.,5 Ноября 2022,5.0,,,
229186105,Healthy Innovation,Иван К.,3 Ноября 2022,5.0,,,
229186105,Healthy Innovation,Дмитрий Т.,2 Ноября 2022,5.0,,,
229186105,Healthy Innovation,Юрий Ж.,1 Ноября 2022,5.0,,,
229186105,Healthy Innovation,Евгений Б.,30 Октября 2022,5.0,tasty product manufacturer,,love company cutlet city ruble bought
229186105,Healthy Innovation,Ольга С.,30 Октября 2022,5.0,,,
229186105,Healthy Innovation,Подберёзная Влада,30 Октября 2022,5.0,,,
229186105,Healthy Innovation,Алина Я.,26 Октября 2022,5.0,,,
229186105,Healthy Innovation,Светлана Д.,26 Октября 2022,5.0,seems comment superfluous best,,
229186105,Healthy Innovation,Yana E.,26 Октября 2022,5.0,,,
229186105,Healthy Innovation,Дарья Ю.,25 Октября 2022,5.0,,,
229186105,Healthy Innovation,Пользователь предпочёл скрыть свои данные,24 Октября 2022,5.0,,,
229186105,Healthy Innovation,Вячеслав К.,23 Октября 2022,5.0,really delicious,,
229186105,Healthy Innovation,Ольга Л.,23 Октября 2022,5.0,taste,price lot salt doubt safety composition,tasty love taste better homemade cutlet hi sure composition safe health much salt kind fat
229186105,Healthy Innovation,Елена Ш.,21 Октября 2022,5.0,delicious tried nt buy burger cutlet,,huge respect manufacturer yummy
229186105,Healthy Innovation,Максим Р.,19 Октября 2022,5.0,,,
229186105,Healthy Innovation,Мария Т.,19 Октября 2022,5.0,incredible thing meateater said life would distinguished real meat eating burger week ca nt get enough,high price something ruble according map ozone taken thank,thank much seller success waiting hi sausage
229186105,Healthy Innovation,Григорий У.,18 Октября 2022,5.0,,,
229186105,Healthy Innovation,Мария Т.,17 Октября 2022,5.0,school juicy cutlet doubted whether needed well sometimes buy treat really want similar meat nt scared vegan friend,,
229186105,Healthy Innovation,Ирина Н.,16 Октября 2022,5.0,,,
229186105,Healthy Innovation,Татьяна У.,16 Октября 2022,5.0,,,
229186105,Healthy Innovation,Юлия Е.,6 Октября 2022,5.0,,,
229186105,Healthy Innovation,Элина Ф.,5 Октября 2022,5.0,,,
229186105,Healthy Innovation,Александра С.,5 Октября 2022,5.0,love,,
229186105,Healthy Innovation,Ольга,1 Октября 2022,5.0,,,
229186105,Healthy Innovation,Татьяна З.,1 Октября 2022,5.0,,,
229186105,Healthy Innovation,Ксения Б.,30 Сентября 2022,5.0,,,
229186105,Healthy Innovation,Ирина Р.,28 Сентября 2022,3.0,cutlet individually packaged fast delivery moscow good price slightly profitable taking cutlet r,fat even fried without oil still nasty barely ate,
229186105,Healthy Innovation,Берестова Н.,24 Сентября 2022,5.0,tasty delicious presented platform,nettt,recommend vegan
229186105,Healthy Innovation,Пользователь предпочёл скрыть свои данные,23 Сентября 2022,5.0,taste benefit chef nt get better,,try keep always available everything sorted
229186105,Healthy Innovation,Алика Варфоломеева,23 Сентября 2022,5.0,,,
229186105,Healthy Innovation,Зайнап З.,22 Сентября 2022,5.0,delicious noncutlets opinion general love everything hi nugget yogurt,,
229186105,Healthy Innovation,Ксения М.,22 Сентября 2022,5.0,,,
229186105,Healthy Innovation,Елена Б.,22 Сентября 2022,5.0,really like meatball cook grill frying pan grill also delicious cook grill,,
229186105,Healthy Innovation,Наталья П.,22 Сентября 2022,4.0,resembles taste kirieshek dump,,vegan nt like ate five nonvegan mom liked ate
229186105,Healthy Innovation,Андрей А.,21 Сентября 2022,5.0,,,
229186105,Healthy Innovation,Аделия Каримова,21 Сентября 2022,5.0,,,
229186105,Healthy Innovation,Нелли Миракян,20 Сентября 2022,5.0,taste,,tasty
229186105,Healthy Innovation,Маргарита Ч.,20 Сентября 2022,5.0,,,
229186105,Healthy Innovation,Пользователь предпочёл скрыть свои данные,19 Сентября 2022,5.0,sooooo delicious probably best tried,,fried cutlet grill turned tasty juicy burger devoured second nt even time take picture
229186105,Healthy Innovation,Елена Л.,18 Сентября 2022,5.0,favorite cutlet similar meat order regularly,,
229186105,Healthy Innovation,Елена И.,16 Сентября 2022,5.0,delicious juicy,,
229186105,Healthy Innovation,Пользователь предпочёл скрыть свои данные,15 Сентября 2022,4.0,taste juiciness similarity meat,lot salt price packaging,lot salt taste would like useful composition without flavoring dye sea salt price would also like make packaging ecofriendly make cell cardboard pocket example well parchment generally without unnecessary garbage price certainly high read completely
229186105,Healthy Innovation,Ольга К.,14 Сентября 2022,5.0,tasty juicy distinguished meat cutlet great substitute meat,,
229186105,Healthy Innovation,Олег Н.,13 Сентября 2022,5.0,price quality,,everything fine
229186105,Healthy Innovation,Евгения С.,12 Сентября 2022,5.0,,,
229186105,Healthy Innovation,Станислав И.,10 Сентября 2022,5.0,,,
229186105,Healthy Innovation,Станислав И.,10 Сентября 2022,5.0,,,
229186105,Healthy Innovation,Игорь С.,8 Сентября 2022,5.0,,,
229186105,Healthy Innovation,Мария Д.,6 Сентября 2022,5.0,favorite vegan cutlet,,
229186105,Healthy Innovation,Алек С.,6 Сентября 2022,5.0,,,
229186105,Healthy Innovation,Курман Дмитрий,5 Сентября 2022,5.0,large packaging delicious fry without defrosting,price,really liked cutlet eat meat ideal option pity price high meat cutlet
229186105,Healthy Innovation,Елизавета Л.,5 Сентября 2022,5.0,best vegetable cutlet market price texture quality,,
229186105,Healthy Innovation,Татьяна О.,5 Сентября 2022,5.0,,,
229186105,Healthy Innovation,Светлана Ч.,4 Сентября 2022,5.0,cool cutlet,,
229186105,Healthy Innovation,Юлия Т.,29 Августа 2022,5.0,,,
229186105,Healthy Innovation,Андрей И.,29 Августа 2022,5.0,,,
229186105,Healthy Innovation,Надежда К.,27 Августа 2022,5.0,,,
229186105,Healthy Innovation,Мария С.,25 Августа 2022,5.0,delicious,,delicious juicy veg cutlet competition honestly many tried best highburgers
229186105,Healthy Innovation,Вероника К.,24 Августа 2022,5.0,,,
229186105,Healthy Innovation,Елена С.,24 Августа 2022,5.0,,,
229186105,Healthy Innovation,Анна З.,23 Августа 2022,5.0,delicious healthy,,great alternative meat
229186105,Healthy Innovation,Пользователь предпочёл скрыть свои данные,23 Августа 2022,5.0,,,
229186105,Healthy Innovation,Константин В.,19 Августа 2022,5.0,great cutlet homemade burger,found,far one best option
229186105,Healthy Innovation,Наталия К.,17 Августа 2022,5.0,favorite cutlet,price increased,lovely cutlet delicious ideal everything independent dish burger grilling turn great grill course recommend
229186105,Healthy Innovation,Роман К.,16 Августа 2022,5.0,,,
229186105,Healthy Innovation,Лия Б.,16 Августа 2022,5.0,,,
229186105,Healthy Innovation,виолета с.,15 Августа 2022,5.0,,,
229186105,Healthy Innovation,Dima F.,14 Августа 2022,5.0,,,
229186105,Healthy Innovation,ВАЛЕРИЯ К.,14 Августа 2022,5.0,,,
229186105,Healthy Innovation,Анатолий Ф.,12 Августа 2022,1.0,,,like fried bacon like burger marbled beef cutlet turned abomination impossible imagine could finish burger
229186105,Healthy Innovation,Ирина З.,11 Августа 2022,5.0,,,
229186105,Healthy Innovation,Светлана Т.,10 Августа 2022,5.0,tastier meat juicy,,masterpiece cutlet
229186105,Healthy Innovation,Юлия Н.,10 Августа 2022,5.0,,,
229186105,Healthy Innovation,Дмитрий К.,9 Августа 2022,5.0,,,
229186105,Healthy Innovation,юлия л.,8 Августа 2022,4.0,,,
229186105,Healthy Innovation,Анастасия Р.,1 Августа 2022,5.0,,,
229186105,Healthy Innovation,Клещеева Е.,1 Августа 2022,5.0,,,
229186105,Healthy Innovation,Юрий К.,31 Июля 2022,5.0,cool texture fast cooking delicious,nt find,perhaps one best vegan cutlet
229186105,Healthy Innovation,Мария М.,30 Июля 2022,5.0,,,
229186105,Healthy Innovation,Хуман З.,30 Июля 2022,5.0,quality price,,
229186105,Healthy Innovation,Даниил Т.,29 Июля 2022,5.0,guy bomb nt eaten delicious cutlet,ozone stop raising price recently cost,best vegetable cutlet counting maybe beyond meet russia expensive
229186105,Healthy Innovation,Елена Юрьевна Я.,27 Июля 2022,5.0,,ever stop price increase,
229186105,Healthy Innovation,Татьяна Л.,27 Июля 2022,5.0,taste consistency smell,price without discount,great burger patty burger differ meat tasty satisfying homemade homogeneous juicy recommend
229186105,Healthy Innovation,Lugacheva O.,23 Июля 2022,5.0,super taste,,delicious cutlet segment
229186105,Healthy Innovation,Дмитрий А.,21 Июля 2022,5.0,,,
229186105,Healthy Innovation,Вера С.,17 Июля 2022,5.0,,,
229186105,Healthy Innovation,Алексей М.,16 Июля 2022,5.0,,,
229186105,Healthy Innovation,Ирина К.,16 Июля 2022,5.0,delicious cutlet life even tastier made meat,,
229186105,Healthy Innovation,Татьяна Ш.,16 Июля 2022,5.0,best best,,
229186105,Healthy Innovation,SHAGALOV,15 Июля 2022,5.0,juicy delicious cutlet,,pride domestic manufacturer tasty cutlet
229186105,Healthy Innovation,Виктория Б.,13 Июля 2022,5.0,,,
229186105,Healthy Innovation,Марина И.,12 Июля 2022,4.0,,,
229186105,Healthy Innovation,Сергей Т.,12 Июля 2022,5.0,,,
229186105,Healthy Innovation,Мария Л.,12 Июля 2022,4.0,,price wonderful,
229186105,Healthy Innovation,Светлана Г.,8 Июля 2022,5.0,,,
229186105,Healthy Innovation,Марина Б.,8 Июля 2022,5.0,,,
229186105,Healthy Innovation,Lastic,7 Июля 2022,5.0,best vegetable burger patty,eaten quickly always sale store,best vegetable burger patty ever tasted texture weight smell tried lot different vegetable cutlet year without meat respect prosperity wish manufacturer
229186105,Healthy Innovation,Анна Ш.,6 Июля 2022,5.0,,,
229186105,Healthy Innovation,Мария С.,5 Июля 2022,5.0,,,
229186105,Healthy Innovation,Игорь Ч.,1 Июля 2022,5.0,,,
229186105,Healthy Innovation,Пользователь предпочёл скрыть свои данные,28 Июня 2022,5.0,,,
229186105,Healthy Innovation,Елена З.,20 Июня 2022,5.0,tasty cutlet salvation vegetarian,expensive,
229186105,Healthy Innovation,Татьяна М.,18 Июня 2022,5.0,delicious similar real meat burger,,
229186105,Healthy Innovation,Эдгар С.,17 Июня 2022,5.0,tasty cutlet vegetarian vegan need,price high enough,
229186105,Healthy Innovation,Лопухова Надежда Александровна,17 Июня 2022,5.0,,,
229186105,Healthy Innovation,Станислав М.,14 Июня 2022,5.0,,,
229186105,Healthy Innovation,Анастасия Р.,14 Июня 2022,5.0,,,
229186105,Healthy Innovation,Михаил Ч.,10 Июня 2022,5.0,,,
229186105,Healthy Innovation,Василий З.,9 Июня 2022,5.0,delicious convenient fast,,
229186105,Healthy Innovation,Анна Д.,8 Июня 2022,5.0,delicious satisfying fry frying pan fire,meat,tried first time liked really taste like meat
229186105,Healthy Innovation,Дмитрий К.,6 Июня 2022,5.0,taste texture like meat patty,,
229186105,Healthy Innovation,Ольга З.,6 Июня 2022,5.0,,,
229186105,Healthy Innovation,Екатерина Сергеевна,5 Июня 2022,5.0,vegan delicious make tortilla burger,composition changed little bit used fry little better began burn,packaging used liked convenient paper parcel cutlet simply unfolded
229186105,Healthy Innovation,Раиса К.,5 Июня 2022,5.0,,,
229186105,Healthy Innovation,Сергей К.,2 Июня 2022,5.0,,,
229186105,Healthy Innovation,Игорь Г.,2 Июня 2022,5.0,delicious cutlet ever tasted,,
229186105,Healthy Innovation,Анастасия Г.,31 Мая 2022,5.0,,,
229186105,Healthy Innovation,Пользователь предпочёл скрыть свои данные,30 Мая 2022,5.0,tasty cutlet,garlic composition,garlic removed composition would ideal product
229186105,Healthy Innovation,Юлия К.,29 Мая 2022,5.0,,,
229186105,Healthy Innovation,Пользователь предпочёл скрыть свои данные,27 Мая 2022,5.0,tasty cutlet adore whole family eat meat also like,,better fry nonstick frying pan without oil lot fat released make greasy
229186105,Healthy Innovation,Anastasia X.,27 Мая 2022,5.0,taste composition,,cook quickly tasty alternative meat
229186105,Healthy Innovation,Светлана Г.,26 Мая 2022,5.0,,,
229186105,Healthy Innovation,Екатерина Г.,26 Мая 2022,5.0,,,
229186105,Healthy Innovation,Надежда П.,25 Мая 2022,5.0,,,
229186105,Healthy Innovation,Зинаида С.,24 Мая 2022,5.0,taste price composition,,eat meat glad product appeared even family immediately realize cutlet meat
229186105,Healthy Innovation,Полина Т.,24 Мая 2022,5.0,excellent cutlet excellent taste excellent substitute meat,,
229186105,Healthy Innovation,Алёна Г.,20 Мая 2022,5.0,,,
229186105,Healthy Innovation,Игнат З.,20 Мая 2022,5.0,delicious juicy convenient store freezer,,vegetarian first time ordered manufacturer still homemade cutlet personally like burger spice seem like beef
229186105,Healthy Innovation,Алёна М.,19 Мая 2022,5.0,,,
229186105,Healthy Innovation,Анна Г.,18 Мая 2022,5.0,delicious,,
229186105,Healthy Innovation,Денис К.,17 Мая 2022,4.0,,,
229186105,Healthy Innovation,елизавета т.,17 Мая 2022,4.0,,smell strong added whole apartment smell,
229186105,Healthy Innovation,Щербакова П.,16 Мая 2022,5.0,delicious vegan cutlet,,perfect burger like cutlet mashed potato quality highest level many meateating friend appreciated taste buy regular basis
229186105,Healthy Innovation,Паулина Р.,16 Мая 2022,5.0,,,
229186105,Healthy Innovation,Павел У.,16 Мая 2022,5.0,vegan tasty quietly fried without oil,cheap,
229186105,Healthy Innovation,Виталий Б.,14 Мая 2022,5.0,delicious cutlet excellent packaging cutlet packed individual package,,
229186105,Healthy Innovation,Геннадий Щ.,13 Мая 2022,5.0,,,
229186105,Healthy Innovation,Vosto V.,11 Мая 2022,5.0,delicious cutlet,could disadvantage fullfledged cutlet,best
229186105,Healthy Innovation,Светлана Г.,11 Мая 2022,5.0,,,
229186105,Healthy Innovation,Кристина С.,9 Мая 2022,5.0,,,
229186105,Healthy Innovation,Пользователь предпочёл скрыть свои данные,6 Мая 2022,5.0,,,
229186105,Healthy Innovation,Пользователь предпочёл скрыть свои данные,6 Мая 2022,5.0,,,
229186105,Healthy Innovation,Пользователь предпочёл скрыть свои данные,6 Мая 2022,5.0,make great burger juicy structure highly recommend,,
229186105,Healthy Innovation,Ан В.,4 Мая 2022,5.0,,,
229186105,Healthy Innovation,Ирина К.,4 Мая 2022,5.0,le tasty vegetable replacement meat gastronomic masterpiece much better sold vegan vegetarian,usual taste,
229186105,Healthy Innovation,Александр В.,1 Мая 2022,5.0,,,
229186105,Healthy Innovation,Пользователь предпочёл скрыть свои данные,1 Мая 2022,5.0,product quality taste,price,vegetable cutlet insanely delicious juicy soft without packaging distinguished real meat order recommend buy
229186105,Healthy Innovation,Светлана Н.,1 Мая 2022,5.0,,,
229186105,Healthy Innovation,Алексей Д.,29 Апреля 2022,5.0,cutlet fire,running fast,meateating daughter eats great pleasure
229186105,Healthy Innovation,Пользователь предпочёл скрыть свои данные,24 Апреля 2022,5.0,great stuff,,
229186105,Healthy Innovation,Татьяна Гречишникова,21 Апреля 2022,5.0,,,
229186105,Healthy Innovation,Ирина К.,20 Апреля 2022,5.0,,,
229186105,Healthy Innovation,Виктория Д.,19 Апреля 2022,5.0,,,
229186105,Healthy Innovation,Юлия К.,19 Апреля 2022,5.0,taste consistency,price,favorite cutlet similar meat without discount price bite discount norm
229186105,Healthy Innovation,Алиса Я.,19 Апреля 2022,5.0,tasty,,
229186105,Healthy Innovation,Лиза Л.,18 Апреля 2022,5.0,best wedge burger opinion,,
229186105,Healthy Innovation,Полина И.,17 Апреля 2022,5.0,,,
229186105,Healthy Innovation,Мария М.,17 Апреля 2022,5.0,delicious,little fat,eat burger cutlet taste even better fat particularly felt someone may fat
229186105,Healthy Innovation,Пользователь предпочёл скрыть свои данные,17 Апреля 2022,5.0,,,
229186105,Healthy Innovation,Денис Д.,17 Апреля 2022,5.0,,,
229186105,Healthy Innovation,Елизавета М.,14 Апреля 2022,5.0,absolutely everything cooking time indicated cutlet fried remain soft juicy taste texture composition,,
229186105,Healthy Innovation,Елизавета В.,13 Апреля 2022,5.0,,,
229186105,Healthy Innovation,Ткачева Анна,10 Апреля 2022,5.0,,,
229186105,Healthy Innovation,Карина З.,8 Апреля 2022,5.0,best vegan cutlet,,
229186105,Healthy Innovation,ковалева ирина,6 Апреля 2022,5.0,,,
229186105,Healthy Innovation,Kristina I.,6 Апреля 2022,5.0,favorite cutlet,,
229186105,Healthy Innovation,Валентина Ш.,31 Марта 2022,3.0,,guy couple month ago praised cutlet ordered time andii recipe changed nt like new version unlikely take,
229186105,Healthy Innovation,Гульнара Г.,31 Марта 2022,5.0,delicious juicy prepared quickly,,cook lid
229186105,Healthy Innovation,Irina O.,30 Марта 2022,5.0,,,
229186105,Healthy Innovation,Елена Ш.,29 Марта 2022,5.0,,,
229186105,Healthy Innovation,Флёна Б.,28 Марта 2022,5.0,,,
229186105,Healthy Innovation,Фёдор Т.,27 Марта 2022,5.0,,,
229186105,Healthy Innovation,Ксения О.,27 Марта 2022,5.0,,,
229186105,Healthy Innovation,Пользователь предпочёл скрыть свои данные,27 Марта 2022,5.0,,,
229186105,Healthy Innovation,Евгения С.,26 Марта 2022,5.0,eat tasty whole family even mom thrilled,,
229186105,Healthy Innovation,Андрей К.,26 Марта 2022,5.0,tasty,,
229186105,Healthy Innovation,Маргарита И.,25 Марта 2022,5.0,,,
229186105,Healthy Innovation,Саният С.,24 Марта 2022,5.0,,,
229186105,Healthy Innovation,Александр А.,24 Марта 2022,5.0,,,
229186105,Healthy Innovation,Кристина О.,23 Марта 2022,5.0,tasty rich,,favorite cutlet eat burger every day
229186105,Healthy Innovation,Александра П.,23 Марта 2022,5.0,taste composition,price may give much want taste,century delicious soy cutlet entire russian market something compare tried almost everything meat eater distinguish meat cutlet
229186105,Healthy Innovation,Екатерина Б.,22 Марта 2022,5.0,everything fine,,
229186105,Healthy Innovation,Антон Б.,22 Марта 2022,5.0,juicy delicious cutlet excellent packaging,,
229186105,Healthy Innovation,Ирина,22 Марта 2022,5.0,,,
229186105,Healthy Innovation,Саид К.,21 Марта 2022,5.0,,,
229186105,Healthy Innovation,Полина Ф.,18 Марта 2022,5.0,taking first time,,take
229186105,Healthy Innovation,Жанна Я.,17 Марта 2022,5.0,delicious favorite,pity nt time buy discount,grilled without oil minute tasty tastier meat freezer compactly without top packaging stored
229186105,Healthy Innovation,Антон,16 Марта 2022,5.0,,,
229186105,Healthy Innovation,Ольга,16 Марта 2022,5.0,,,
229186105,Healthy Innovation,Снежана Н.,15 Марта 2022,5.0,,,
229186105,Healthy Innovation,Ирина Н.,15 Марта 2022,5.0,,,
229186105,Healthy Innovation,Пользователь предпочёл скрыть свои данные,15 Марта 2022,5.0,,,
229186105,Healthy Innovation,Софья Л.,14 Марта 2022,5.0,,,
229186105,Healthy Innovation,Екатерина К.,14 Марта 2022,5.0,tasty cutlet,,
229186105,Healthy Innovation,Екатерина З.,13 Марта 2022,5.0,,,
229186105,Healthy Innovation,Диана Д.,12 Марта 2022,5.0,sooooo delicious cutlet bomb nt expect thanks yoga tiktok,detected,excellent product really delivered within hour done grill minute dinner ready even small child eats better meat
229186105,Healthy Innovation,Мартыненко Александра,11 Марта 2022,5.0,,,
229186105,Healthy Innovation,Александра З.,11 Марта 2022,5.0,,,
229186105,Healthy Innovation,OLGA S.,10 Марта 2022,5.0,,,
229186105,Healthy Innovation,Любовь Б.,8 Марта 2022,5.0,,,
229186105,Healthy Innovation,Ольга Т.,6 Марта 2022,5.0,,,
229186105,Healthy Innovation,Юлия Б.,6 Марта 2022,5.0,tasty,,delicious vegan cutlet tried many brand delight distinguished meat texture perfect taste balanced manufacturer best guy thanks
229186105,Healthy Innovation,Анна К.,5 Марта 2022,5.0,,,
229186105,Healthy Innovation,Дмитрий К.,1 Марта 2022,5.0,,,
229186105,Healthy Innovation,Екатерина О.,27 Февраля 2022,5.0,,,
229186105,Healthy Innovation,Милюкова Наталия Владимировна,25 Февраля 2022,5.0,,,
229186105,Healthy Innovation,Пользователь предпочёл скрыть свои данные,24 Февраля 2022,5.0,,,
229186105,Healthy Innovation,Нина М.,23 Февраля 2022,5.0,,,
229186105,Healthy Innovation,Иван Д.,13 Февраля 2022,5.0,good taste pricequality ratio,,vegan friend recommended cutlet cook breakfast scrambled egg super pleasantly surprised money delicious vegetable cutlet cutlet packed individual bag taste better many meat patty price
229186105,Healthy Innovation,Анна М.,5 Февраля 2022,4.0,delicious vegan cutlet,change packaging taste thickness cutlet changed already different,pity cutlet changed also delicious principle taste absolutely perfect sake waited every time available bought stock principle replace others
229186105,Healthy Innovation,Аркадий Ч.,5 Февраля 2022,5.0,,,
229186105,Healthy Innovation,Ан Ф.,4 Февраля 2022,5.0,best vegan cutlet always take,,suitable full lunch
229186105,Healthy Innovation,Ольга Р.,2 Февраля 2022,5.0,,,
229186105,Healthy Innovation,Юрий Б.,1 Февраля 2022,5.0,tasty burger puree delicious,,took take nt many highquality vegan product
229186105,Healthy Innovation,Ирина В.,31 Января 2022,5.0,delicious cutlet love,rarely available,
229186105,Healthy Innovation,Артем Т.,30 Января 2022,5.0,,,
229186105,Healthy Innovation,Мария С.,29 Января 2022,5.0,delicious cutlet juicy easy prepare,,
229186105,Healthy Innovation,Евгений,26 Января 2022,4.0,,,
229186105,Healthy Innovation,Илья,26 Января 2022,5.0,delicious healthy cutlet delicious level beyond meat,,
229186105,Healthy Innovation,Марина Г.,24 Января 2022,5.0,tasty,price,similar meat
229186105,Healthy Innovation,Евгения Д.,23 Января 2022,5.0,,,
229186105,Healthy Innovation,Завадская Тамара,22 Января 2022,5.0,getting ready,minced meat fat,
229186105,Healthy Innovation,Максим Б.,19 Января 2022,5.0,,,
229186105,Healthy Innovation,Анастасия Б.,19 Января 2022,5.0,delicious cutlet,,
229186105,Healthy Innovation,Наталья Р.,16 Января 2022,5.0,,,
229186105,Healthy Innovation,Кальян Георгий,13 Января 2022,5.0,,,
229186105,Healthy Innovation,оао,12 Января 2022,4.0,tasty,high price,
229186105,Healthy Innovation,Марк А.,11 Января 2022,5.0,,,
229186105,Healthy Innovation,Анастасия С.,8 Января 2022,5.0,juicy delicious perfect,,unexpectedly delicious cutlet daughter delighted taste juiciness enjoy eating burger definitely order
229186105,Healthy Innovation,Haruko-tyan,7 Января 2022,5.0,tasty like,everything fine,tender vegetable cutlet ever tried
229186105,Healthy Innovation,Екатерина Л.,3 Января 2022,5.0,,,
229186105,Healthy Innovation,Пользователь предпочёл скрыть свои данные,3 Января 2022,4.0,delicious fresh,ozone brought meatball term end couple week,buying long time cutlet bad look timing although written day date production fact cutlet lose usefulness taste rdth month like likely brought month date production compare taste fresh taste older one understand everything
229186105,Healthy Innovation,Дана К.,2 Января 2022,5.0,tasty,,frighteningly delicious
229186105,Healthy Innovation,Екатерина Ф.,31 Декабря 2021,5.0,,,
229186105,Healthy Innovation,Алена З.,30 Декабря 2021,5.0,,,
229186105,Healthy Innovation,елена ц.,30 Декабря 2021,5.0,best cutlet,,
229186105,Healthy Innovation,Маргарита Б.,28 Декабря 2021,5.0,,,
229186105,Healthy Innovation,Bronx,27 Декабря 2021,5.0,,,
229186105,Healthy Innovation,ALEXANDER G.,25 Декабря 2021,5.0,,,
229186105,Healthy Innovation,Марина П.,24 Декабря 2021,5.0,better natural meat,,
229186105,Healthy Innovation,Юлия Г.,24 Декабря 2021,5.0,,,
229186105,Healthy Innovation,Полина Г.,23 Декабря 2021,5.0,,,
229186105,Healthy Innovation,Ольга С.,23 Декабря 2021,5.0,,,
229186105,Healthy Innovation,Александра К.,26 Декабря 2021,2.0,used perfect,recently recipe cutlet changed began burn quickly although happened,
229186105,Healthy Innovation,Елена П.,21 Декабря 2021,5.0,tasty,,tasty juicy cutletsthe taste similar meatof tested veganthe delicious
229186105,Healthy Innovation,Пользователь предпочёл скрыть свои данные,изменен 28 Февраля 2023,5.0,juicy delicious fragrant,,favorite cutlet one burger juicier tastier meat animal origin cook almost every day
229186105,Healthy Innovation,Алина Ч.,18 Декабря 2021,4.0,tasty,fat,good cutlet liked homemade one richer something
229186105,Healthy Innovation,Алина С.,17 Декабря 2021,5.0,,,
229186105,Healthy Innovation,Пользователь предпочёл скрыть свои данные,17 Декабря 2021,5.0,sooo delicious,,juicy delicious cutlet serve salad vegetable side dish even meateaters eat
229186105,Healthy Innovation,Вячеслав Д.,15 Декабря 2021,5.0,,,
229186105,Healthy Innovation,Анастасия,14 Декабря 2021,5.0,according price range best ever cutlet juicy grill dripping fire beautiful frying pan everyone try remains satisfied even adherent plant nutrition,disadvantage,take periodically good everything potato pasta porridge burger
229186105,Healthy Innovation,Алексей Ф.,13 Декабря 2021,4.0,taste texture,meat,would like know content phytoestrogens product western analogue scale
229186105,Healthy Innovation,Татьяна Д.,12 Декабря 2021,5.0,,,
229186105,Healthy Innovation,Белкова Анна,11 Декабря 2021,5.0,veusnoooo,little,
229186105,Healthy Innovation,Надежда С.,8 Декабря 2021,5.0,,,
229186105,Healthy Innovation,Пользователь предпочёл скрыть свои данные,1 Декабря 2021,5.0,,,
229186105,Healthy Innovation,Петрова Юлия,30 Ноября 2021,5.0,taste structure solid advantage,,cutlet kind miracle even husband vegan nt understand joke
229186105,Healthy Innovation,Князева Галина,30 Ноября 2021,5.0,tasty cutlet godsend vegan,end quickly,often buy daughter eat pleasure post
229186105,Healthy Innovation,Мария Н.,26 Ноября 2021,5.0,,,
229186105,Healthy Innovation,Татьяна П.,18 Января 2022,5.0,individual package,,
229186105,Healthy Innovation,Ольга К.,26 Ноября 2021,5.0,,,
229186105,Healthy Innovation,Сергей Х.,25 Ноября 2021,5.0,,,
229186105,Healthy Innovation,Хадижа т,17 Января 2022,5.0,,,
229186105,Healthy Innovation,Юлия Ф.,24 Ноября 2021,5.0,tasty expensive,oiled,close possible meat patty almost one one juicy rich taste texture like meat one minus oily eat half cutlet often otherwise start make sick stomach still weak oil without probably wo nt advise fry dry frying pan
229186105,Healthy Innovation,Наталья Н.,24 Ноября 2021,5.0,,,
229186105,Healthy Innovation,Дмитрий Л.,24 Ноября 2021,5.0,,,
229186105,Healthy Innovation,Владимир Б.,23 Ноября 2021,4.0,,,
229186105,Healthy Innovation,Любна М.,21 Ноября 2021,5.0,,,
229186105,Healthy Innovation,Пользователь предпочёл скрыть свои данные,22 Ноября 2021,3.0,,,
229186105,Healthy Innovation,Андрей К.,20 Ноября 2021,5.0,,,
229186105,Healthy Innovation,Мария М.,17 Ноября 2021,5.0,delicious vegetable cutlet tried gorgeous belisimo,,
229186105,Healthy Innovation,Елизавета Н.,17 Ноября 2021,5.0,taste price,,worse beyond meat tasty cutlet
229186105,Healthy Innovation,Ксения Ф.,12 Января 2022,5.0,really liked smell delicious taste great,,
229186105,Healthy Innovation,Анастасия Т.,16 Ноября 2021,5.0,excellent taste easy prepare hearty burger piece bargain price,little dry,tastier regular meat add tomato compensate dryness
229186105,Healthy Innovation,Пользователь предпочёл скрыть свои данные,15 Ноября 2021,5.0,tasty,,really like cutlet company although also possible cook vkksnyashki vegetable minced meat orthodox lent help lot little time cook
229186105,Healthy Innovation,Иван М.,12 Ноября 2021,5.0,,,
229186105,Healthy Innovation,Павел С.,11 Ноября 2021,5.0,tasty,,
229186105,Healthy Innovation,Мария З.,11 Ноября 2021,5.0,vegan lean clear composition really delicious,,
229186105,Healthy Innovation,Ольга А.,11 Ноября 2021,5.0,,,
229186105,Healthy Innovation,Ксения,11 Ноября 2021,5.0,delight,,would nt think made meat
229186105,Healthy Innovation,Павел Ч.,10 Ноября 2021,5.0,,,
229186105,Healthy Innovation,Елена Ф.,9 Ноября 2021,5.0,delicious vegan burger patty great price pc,cat still begging piece stopped eating used eat human eat pleasure,
229186105,Healthy Innovation,нелли к.,9 Ноября 2021,5.0,delicious cutlet,eaten quickly,side dish even cold one refrigerator fly without bread juicy fatty wonderful combination spice
229186105,Healthy Innovation,Евгений К.,9 Ноября 2021,5.0,,,
229186105,Healthy Innovation,Мария Ш.,8 Ноября 2021,5.0,bomb delicious vegetable cutlet beow hi product,,
229186105,Healthy Innovation,Евгения У.,7 Ноября 2021,5.0,,,
229186105,Healthy Innovation,Евгений П.,6 Ноября 2021,5.0,,,
229186105,Healthy Innovation,Пользователь предпочёл скрыть свои данные,5 Ноября 2021,5.0,,,
229186105,Healthy Innovation,Ксения С.,4 Ноября 2021,5.0,delicious,,
229186105,Healthy Innovation,Пользователь предпочёл скрыть свои данные,4 Ноября 2021,5.0,taste price,,always take
229186105,Healthy Innovation,Сергей К.,2 Ноября 2021,5.0,delicious vegan everywhere find sale,expensive,really good cutlet everything fit
229186105,Healthy Innovation,Дарья К.,2 Ноября 2021,5.0,,,
229186105,Healthy Innovation,Max R.,1 Ноября 2021,5.0,delicious fast,,easy cook taste great separately want note individual paper packaging cutlet nice
229186105,Healthy Innovation,Илья Ф.,31 Октября 2021,5.0,,,
229186105,Healthy Innovation,Елизавета Ц.,31 Октября 2021,5.0,best vegan cutlet,,tried vegan cutlet best composition texture taste thank much make minced meat pasta crumble filling burrito burger million way
229186105,Healthy Innovation,Роман С.,30 Октября 2021,4.0,structure dense taste close meat different type vegetable cutlet quite interesting option,,cutlet little dry taste better vegetable
229186105,Healthy Innovation,Ксения С.,30 Октября 2021,5.0,,,
229186105,Healthy Innovation,Анастасия А.,30 Октября 2021,5.0,tastiest,expensive,top vegan
229186105,Healthy Innovation,Иван Л.,24 Октября 2021,5.0,similar taste texture meat go well sauce burger,similar meat work parosmia,parosmia advise rest velkam
229186105,Healthy Innovation,Михаил С.,8 Декабря 2021,5.0,good composition texture smell identical meat patty part b fast preparation,,best tried vegetarian son understand burger meat wife said would distinguished either know
229186105,Healthy Innovation,Коровина Анастасия Сергеевна,21 Октября 2021,5.0,,,
229186105,Healthy Innovation,Пользователь предпочёл скрыть свои данные,21 Октября 2021,5.0,super delicious cutlet,,distinguished meat tasty healthy best recommend vegan
229186105,Healthy Innovation,Станислав Ф.,20 Октября 2021,5.0,taste consistency smell behavior frying pan general almost indistinguishable cutlet made real meat addition pleased packaging cutlet beautiful wrapper damn guy well great fellow got real pleasure unpacking box meal thank,nt find,recently terrible meat lover last two year decided give physiological characteristic body want burger sister advised try cutlet well actually delighted recommend
229186105,Healthy Innovation,Марина Л.,16 Октября 2021,5.0,,,
229186105,Healthy Innovation,Лиза,15 Октября 2021,5.0,best,,best burger patty juicy flow burger bitten fry quickly eat two burger time perfect size bun advise everyone turn profitable buy large package
229186105,Healthy Innovation,Александр Р.,13 Октября 2021,5.0,,,
229186105,Healthy Innovation,Артемий К.,12 Октября 2021,5.0,taste packaging design,hard find,tasty vegetable cutlet
229186105,Healthy Innovation,Владимир Ш.,12 Октября 2021,5.0,amazing,,
229186105,Healthy Innovation,Сергей С.,12 Октября 2021,5.0,,,
229186105,Healthy Innovation,Владимир Т.,9 Октября 2021,5.0,,,
229186105,Healthy Innovation,Михаил Б.,5 Октября 2021,5.0,,,
229186105,Healthy Innovation,Подольская Н.,1 Октября 2021,5.0,,,
229186105,Healthy Innovation,Дмитрий Б.,30 Сентября 2021,5.0,,,
229186105,Healthy Innovation,Валерия У.,26 Сентября 2021,5.0,,,
229186105,Healthy Innovation,Любовь,25 Сентября 2021,5.0,delicious,taste mustard oil stated description seems,vegetarian
229186105,Healthy Innovation,Сония К.,23 Сентября 2021,5.0,,,
229186105,Healthy Innovation,L Г.,20 Сентября 2021,5.0,,,
229186105,Healthy Innovation,Надежда М.,9 Сентября 2021,5.0,,,
229186105,Healthy Innovation,Екатерина Д.,7 Сентября 2021,5.0,,,
229186105,Healthy Innovation,Дарина Р.,5 Сентября 2021,5.0,luboffffff,,take constantly
229186105,Healthy Innovation,Максим Л.,4 Сентября 2021,5.0,,,
229186105,Healthy Innovation,Ирина К.,30 Августа 2021,5.0,,,
229186105,Healthy Innovation,Александра С.,25 Августа 2021,5.0,,,
229186105,Healthy Innovation,Konstantin A.,14 Августа 2021,5.0,,,
229186105,Healthy Innovation,Елена Б.,14 Августа 2021,5.0,cool cutlet,,best vegetable cutlet veg market ready eat seriously miss almost forgotten taste meat ideal burger fry grill grill fall apart really looking forward yoghurt milk product highburger company well done
229186105,Healthy Innovation,Екатерина М.,11 Августа 2021,5.0,bought ruble tasty cutlet perfect burger taste one one like beef already scary eat friend relative distinguish nonvegans meat,,
229186105,Healthy Innovation,Ольга Х.,11 Августа 2021,1.0,tasty,deception piece come pack time,would understand always cutlet considering price inscription pack deceive customer well started well general usual nt ashamed price changed always took several pack probably finish last order well would ugly fool buyer
229186105,Healthy Innovation,Татьяна Ф.,10 Августа 2021,5.0,taste indistinguishable meat,,handed post
229186105,Healthy Innovation,Анастасия Р.,10 Августа 2021,5.0,ambrosia food god,better cutlet russia,
229186105,Healthy Innovation,Юрий Р.,9 Августа 2021,5.0,,,
229186105,Healthy Innovation,Никита,8 Августа 2021,5.0,,,
229186105,Healthy Innovation,Анна К.,8 Августа 2021,5.0,whole package solid advantage,absent,delicious juiciest cutlet
229186105,Healthy Innovation,Николай Д.,6 Августа 2021,5.0,,,
229186105,Healthy Innovation,С+А,6 Августа 2021,5.0,taste price packaging,,vegetarian many year experience familiar vegetable cutlet available sale best taste unlike similar homemade cutlet manufacturer burger fatter juicier necessary sandwich plus fried fire perfect
229186105,Healthy Innovation,Александр Р.,2 Августа 2021,5.0,,,
229186105,Healthy Innovation,Николай С.,1 Августа 2021,5.0,,,
229186105,Healthy Innovation,Anastasiia M.,31 Июля 2021,4.0,juicy tender,color appetizing burger patty thick enough salt,good burger steak good cutlet greasy like maybe someone much
229186105,Healthy Innovation,Анастасия Д.,30 Июля 2021,5.0,taste price cooking time,,would like see tatarstan large volume
229186105,Healthy Innovation,Юрий Т.,29 Июля 2021,5.0,,,
229186105,Healthy Innovation,Пользователь предпочёл скрыть свои данные,28 Июля 2021,5.0,,,
229186105,Healthy Innovation,Анастасия Л.,26 Июля 2021,5.0,,,
229186105,Healthy Innovation,Елена Волкова,23 Июля 2021,5.0,delicious excellent composition convenient packaging,,
229186105,Healthy Innovation,Андрей К.,22 Июля 2021,5.0,delicious cheaper imported analogue,,
229186105,Healthy Innovation,Дмитрий Т.,17 Июля 2021,5.0,vegan really liked initially meey treated burger certainly look like meat delicious way result bought,,
229186105,Healthy Innovation,Пользователь предпочёл скрыть свои данные,11 Июля 2021,1.0,,nt like nt delicious pleasant aftertaste mouth,
229186105,Healthy Innovation,Светлана С.,6 Июля 2021,5.0,delicious cutlet great vegan burger,,
229186105,Healthy Innovation,Пользователь предпочёл скрыть свои данные,6 Июля 2021,5.0,best cutlet whole vegan world,none,work chef vegan restaurant tried bunch different company including beyond meat considered best vegan meat market around world found best vegetable meat company
229186105,Healthy Innovation,Мария К.,6 Июля 2021,5.0,good taste like another manufacturer,,
229186105,Healthy Innovation,Пользователь предпочёл скрыть свои данные,5 Июля 2021,5.0,delicious,,tasty cutlet cook grill burger turn perfectly
229186105,Healthy Innovation,Алина С.,4 Июля 2021,5.0,,,
229186105,Healthy Innovation,Никита Б.,4 Июля 2021,5.0,tasty single living creature harmed,,
229186105,Healthy Innovation,Рождественская Юнона,29 Июня 2021,5.0,delicious burger say meat may notice difference,,
229186105,Healthy Innovation,Егор Л.,21 Июня 2021,5.0,,,
229186105,Healthy Innovation,Ольга Н.,18 Июня 2021,5.0,tasty,,
229186105,Healthy Innovation,Olga P.,11 Июня 2021,5.0,,,
229186105,Healthy Innovation,Анна Т.,6 Июня 2021,5.0,,,
229186105,Healthy Innovation,Маргарита К.,4 Июня 2021,5.0,price taste ease preparation ecofriendly packaging composition,,recommend great alternative meat guess taste
229186105,Healthy Innovation,мария ш.,2 Июня 2021,5.0,,,
229186105,Healthy Innovation,Екатерина Р.,30 Мая 2021,5.0,tasty,,cutlet top tasty burger divine
229186105,Healthy Innovation,Виктория Б.,25 Мая 2021,5.0,green packaging hiburger like delicious important fry defrosted overdry fry without oil,,
229186105,Healthy Innovation,Пользователь предпочёл скрыть свои данные,24 Мая 2021,5.0,advantage,,really delicious fried corn oil
229186105,Healthy Innovation,Тамара Б.,20 Мая 2021,5.0,suitable vegan taste texture smell,,
229186105,Healthy Innovation,Сергей С.,20 Мая 2021,5.0,tasty,,
229186105,Healthy Innovation,Чернецова А.,17 Мая 2021,5.0,,,
229186105,Healthy Innovation,Галина Л.,12 Мая 2021,5.0,delicious vegan cutlet,lot packaging good paper,love
229186105,Healthy Innovation,Галина З.,9 Мая 2021,4.0,bzhu,falling apart taste amateur,normal inexpensive cutlet nemyaso still best
229186105,Healthy Innovation,Пользователь предпочёл скрыть свои данные,5 Мая 2021,5.0,packaging taste consistency,,first cutlet liked quality excellent great taste like substitute fullfledged meal waiting admission
229186105,Healthy Innovation,Виктор П.,4 Мая 2021,5.0,,,
229186105,Healthy Innovation,Валерия К.,28 Апреля 2021,5.0,delicious juicy,,awesome vegan cutlet
229186105,Healthy Innovation,Алексей З.,27 Апреля 2021,5.0,distinguished meat,,tasty
229186105,Healthy Innovation,Наталья М.,3 Мая 2021,5.0,space,,tasty distinguished meat whole family appreciated child delighted cooked weekend ate even duty
229186105,Healthy Innovation,Евгений,25 Апреля 2021,5.0,,,
229186105,Healthy Innovation,Костя Прощалыкин,24 Апреля 2021,5.0,,,
229186105,Healthy Innovation,Екатерина В.,24 Апреля 2021,5.0,perfect,,tried vegan cutlet rest analogue faded background best
229186105,Healthy Innovation,Андрей Д.,27 Апреля 2021,3.0,nt find,first cutlet grief half crawled throat second one already nauseated taste strange,amateur meat eater come
229186105,Healthy Innovation,татьяна м.,22 Апреля 2021,5.0,tasty,,son nt eat meat cutlet become real find u son make double cheeseburer themsoooo delicious better poppy
229186105,Healthy Innovation,Алексей Г.,20 Апреля 2021,5.0,,,
229186105,Healthy Innovation,Татьяна Г.,16 Апреля 2021,5.0,whole cutlet solid dignity,drawback,ideal texture dense crumbly taste smoky tasty cook quickly also b composition
229186105,Healthy Innovation,Дарья С.,8 Апреля 2021,5.0,,,
229186105,Healthy Innovation,Иван Б.,8 Апреля 2021,5.0,,,
229186105,Healthy Innovation,Пользователь предпочёл скрыть свои данные,8 Апреля 2021,5.0,delicious,,fried frying pan put bun tasty juicy seems composition acceptable buying second time
229186105,Healthy Innovation,Виктория П.,3 Апреля 2021,4.0,delicious make hot,delicious burger,
229186105,Healthy Innovation,Пользователь предпочёл скрыть свои данные,2 Апреля 2021,5.0,excellent taste kind product simply amazing,would say none,
229186105,Healthy Innovation,Евгения Л.,31 Марта 2021,5.0,delicious large packaging,,best vegan cutlet perfect burger
229186105,Healthy Innovation,Антон П.,31 Марта 2021,5.0,,,
229186105,Healthy Innovation,Алина,28 Марта 2021,4.0,tasty,,excellent cutlet thank expanding range vegan product
229186105,Healthy Innovation,Валерия К.,28 Марта 2021,5.0,tasty nt know vegetable ca nt distinguish meat,,
229186105,Healthy Innovation,Татьяна П.,27 Марта 2021,4.0,packaging,taste,surprised enthusiastic review taste put mildly amateur ca nt say liked
229186105,Healthy Innovation,Анна Б.,23 Марта 2021,5.0,tasty great alternative meat beautiful convenient quite ecofriendly packaging,,
229186105,Healthy Innovation,Станислав Ж.,22 Марта 2021,5.0,tasty,,delicious cutlet thank delicious alternative meat
229186105,Healthy Innovation,Елизавета Г.,22 Марта 2021,5.0,tasty veg cutlet,,minute cutlet ready good composition much tastier veg cutlet vkusville
229186105,Healthy Innovation,Elena M.,21 Марта 2021,5.0,tasty suitable fasting,price,
229186105,Healthy Innovation,Евгения П.,18 Марта 2021,5.0,great cutlet delicious even child eat great pleasure although fan vegan food,,
229186105,Healthy Innovation,Дарья Ш.,17 Марта 2021,5.0,,,
229186105,Healthy Innovation,Олеся Б.,15 Марта 2021,5.0,delicious fast beautiful dish,,took first time happy take future
229186105,Healthy Innovation,Пользователь предпочёл скрыть свои данные,28 Февраля 2021,5.0,taste price convenience frying,,tasty better russian analogue
229186105,Healthy Innovation,Пользователь предпочёл скрыть свои данные,24 Февраля 2021,4.0,,,
229186105,Healthy Innovation,Евгения С.,21 Февраля 2021,4.0,inexpensive taste pleasant look like meat patty burger,falling apart convenient eat burger,general buy want vegetarian burger
229186105,Healthy Innovation,светлана б.,20 Февраля 2021,5.0,cutlet delicious tasty,,
229186105,Healthy Innovation,Пользователь предпочёл скрыть свои данные,18 Февраля 2021,5.0,vegan,,tasty smell frying almost like real meat
229186105,Healthy Innovation,Елена С.,17 Февраля 2021,5.0,vegetarian quick cooking dry good burger,,
626538288,Healthy Innovation,Венера К.,7 Апреля 2023,4.0,,,
626538288,Healthy Innovation,Мария Г.,24 Мая 2023,5.0,,,
626538288,Healthy Innovation,Ирада А.,21 Мая 2023,1.0,,,
626538288,Healthy Innovation,Пользователь предпочёл скрыть свои данные,2 Мая 2023,1.0,,chicken remind remotely visually taste better eat anything something vague chemical taste,
626538288,Healthy Innovation,Олеся П.,2 Апреля 2023,3.0,,ordinary soy meat taste beef word tasty,usual cheapest soy meat sold dry form per kg simply soaked put g box sold good startup idea anything
626538288,Healthy Innovation,Пользователь предпочёл скрыть свои данные,12 Мая 2023,1.0,,,
626538288,Healthy Innovation,Лидия А.,изменен 28 Марта 2023,5.0,well packed long shelf life,seems little expensive nonmeat product,liked taste much feeling really eating chicken meat lightly fried frying pan small amount vegetable oil structure meat like real chicken fibrous
626538288,Healthy Innovation,Михаил О.,18 Марта 2023,5.0,super taste like real shawarma min thin layer oil mini oven pack cheese prigatovka mmmva pa meat bored real fast food,,
626538288,Healthy Innovation,Пользователь предпочёл скрыть свои данные,10 Мая 2023,5.0,ca nt tell real one,,
626538288,Healthy Innovation,Олеся Б.,1 Мая 2023,5.0,tasty readymade,,
626538288,Healthy Innovation,Светлана Д.,30 Марта 2023,5.0,satisfying fast delicious,,eat meat without cooking warmed ate
626538288,Healthy Innovation,Виктория Т.,14 Марта 2023,5.0,try norm take something spice rolton,,
626538288,Healthy Innovation,Надежда В.,24 Апреля 2023,3.0,,nt like taste,
626538288,Healthy Innovation,Светлана Д.,30 Марта 2023,5.0,alternative meat,,amateur liked convenient
626538288,Healthy Innovation,Наталья В.,18 Марта 2023,5.0,,smell specific,taste good bought twicei enjoyed
626538288,Healthy Innovation,Евгений Т.,2 Апреля 2023,5.0,delicious,note soy slip,eat
626538288,Healthy Innovation,Ирина В.,29 Марта 2023,3.0,,,
626538288,Healthy Innovation,Юлия К.,11 Марта 2023,5.0,,,
626538288,Healthy Innovation,Пользователь предпочёл скрыть свои данные,26 Марта 2023,3.0,,nt like taste subjectively yes,
626538288,Healthy Innovation,Элизабет В.,18 Марта 2023,5.0,unrealistically delicious buy,,
626538288,Healthy Innovation,Юлия К.,11 Марта 2023,5.0,,,
626538288,Healthy Innovation,Татьяна В.,14 Марта 2023,2.0,,terrible taste consistency,
626538288,Healthy Innovation,Андрей Я.,29 Марта 2023,5.0,incredible taste,,
626538288,Healthy Innovation,Анна Б.,26 Марта 2023,5.0,delicious,,lot protein
626538288,Healthy Innovation,Илья Т.,8 Апреля 2023,5.0,delicious,price,
626538288,Healthy Innovation,Василий З.,6 Марта 2023,5.0,change,,
626538288,Healthy Innovation,Olga R.,6 Апреля 2023,5.0,delicious,,
626538288,Healthy Innovation,Михаил О.,18 Марта 2023,5.0,good,,
626538288,Healthy Innovation,Людмила Т.,26 Марта 2023,5.0,delicious,,
626538288,Healthy Innovation,Варвара А.,25 Мая 2023,5.0,,,
626538288,Healthy Innovation,Варвара А.,25 Мая 2023,5.0,,,
626538288,Healthy Innovation,Елена Л.,24 Мая 2023,5.0,,,
626538288,Healthy Innovation,Яна Я.,22 Мая 2023,5.0,,,
626538288,Healthy Innovation,Анна Д.,20 Мая 2023,5.0,,,
626538288,Healthy Innovation,Елена К.,14 Мая 2023,5.0,,,
626538288,Healthy Innovation,Татьяна Б.,14 Мая 2023,5.0,,,
626538288,Healthy Innovation,Татьяна Б.,14 Мая 2023,5.0,,,
626538288,Healthy Innovation,Владимир П.,11 Мая 2023,5.0,,,
626538288,Healthy Innovation,Анастасия С.,11 Мая 2023,5.0,,,
626538288,Healthy Innovation,Виталия Ю.,8 Мая 2023,5.0,,,
626538288,Healthy Innovation,Виталия Ю.,8 Мая 2023,5.0,,,
626538288,Healthy Innovation,Виктория М.,7 Мая 2023,5.0,,,
626538288,Healthy Innovation,Федор Г.,5 Мая 2023,5.0,,,
626538288,Healthy Innovation,Федор Г.,5 Мая 2023,5.0,,,
626538288,Healthy Innovation,Анна З.,4 Мая 2023,4.0,,,
626538288,Healthy Innovation,Анна З.,4 Мая 2023,4.0,,,
626538288,Healthy Innovation,Мария А.,1 Мая 2023,5.0,,,
626538288,Healthy Innovation,Елена З.,30 Апреля 2023,5.0,,,
626538288,Healthy Innovation,Иванова А.,29 Апреля 2023,5.0,,,
626538288,Healthy Innovation,Владимир А.,29 Апреля 2023,5.0,,,
626538288,Healthy Innovation,Лариса А.,28 Апреля 2023,5.0,,,
626538288,Healthy Innovation,Оксана Г.,27 Апреля 2023,5.0,,,
626538288,Healthy Innovation,инга н.,27 Апреля 2023,5.0,,,
626538288,Healthy Innovation,Иванова А.,23 Апреля 2023,5.0,,,
626538288,Healthy Innovation,Кирилл Г.,22 Апреля 2023,5.0,,,
626538288,Healthy Innovation,Михалина Ольга,22 Апреля 2023,5.0,,,
626538288,Healthy Innovation,Екатерина К.,22 Апреля 2023,5.0,,,
626538288,Healthy Innovation,елена а.,21 Апреля 2023,5.0,,,
626538288,Healthy Innovation,Пользователь предпочёл скрыть свои данные,19 Апреля 2023,5.0,,,
626538288,Healthy Innovation,Natalia D.,18 Апреля 2023,5.0,,,
626538288,Healthy Innovation,Alexandra K.,16 Апреля 2023,5.0,,,
626538288,Healthy Innovation,Alexandra K.,16 Апреля 2023,5.0,,,
626538288,Healthy Innovation,Ева А.,16 Апреля 2023,5.0,,,
626538288,Healthy Innovation,Светлана В.,16 Апреля 2023,5.0,,,
626538288,Healthy Innovation,Денис Д.,14 Апреля 2023,5.0,,,
626538288,Healthy Innovation,Денис Д.,14 Апреля 2023,5.0,,,
626538288,Healthy Innovation,Огнев Александр,12 Апреля 2023,5.0,,,
626538288,Healthy Innovation,Огнев Александр,12 Апреля 2023,5.0,,,
626538288,Healthy Innovation,Владимир М.,21 Марта 2023,5.0,,,
626538288,Healthy Innovation,Григорий И.,10 Апреля 2023,5.0,,,
626538288,Healthy Innovation,Татьяна К.,9 Апреля 2023,4.0,,,
626538288,Healthy Innovation,Владислав Ш.,8 Апреля 2023,5.0,,,
626538288,Healthy Innovation,Саният М.,7 Апреля 2023,5.0,,,
626538288,Healthy Innovation,Саният М.,7 Апреля 2023,5.0,,,
626538288,Healthy Innovation,татьяна п.,24 Марта 2023,5.0,,,
626538288,Healthy Innovation,Юлия Д.,5 Апреля 2023,5.0,,,
626538288,Healthy Innovation,Галина В.,4 Апреля 2023,5.0,,,
626538288,Healthy Innovation,Владимир М.,21 Марта 2023,5.0,,,
626538288,Healthy Innovation,Елена Владимировна К.,19 Марта 2023,5.0,,,
626538288,Healthy Innovation,Ольга М.,2 Апреля 2023,5.0,,,
626538288,Healthy Innovation,Екатерина Б.,1 Апреля 2023,5.0,,,
626538288,Healthy Innovation,Татьяна М.,1 Апреля 2023,5.0,,,
626538288,Healthy Innovation,Alisa A.,1 Апреля 2023,5.0,,,
626538288,Healthy Innovation,Светлана Г.,31 Марта 2023,5.0,,,
626538288,Healthy Innovation,Светлана Г.,31 Марта 2023,5.0,,,
626538288,Healthy Innovation,Daria M.,30 Марта 2023,5.0,,,
626538288,Healthy Innovation,Ольга Р.,29 Марта 2023,5.0,,,
626538288,Healthy Innovation,Kristina M.,29 Марта 2023,5.0,,,
626538288,Healthy Innovation,Ирина А.,27 Марта 2023,5.0,,,
626538288,Healthy Innovation,svetlana k.,26 Марта 2023,5.0,,,
626538288,Healthy Innovation,svetlana k.,26 Марта 2023,5.0,,,
626538288,Healthy Innovation,Виктория Х.,24 Марта 2023,5.0,,,
626538288,Healthy Innovation,Марина К.,16 Марта 2023,5.0,,,
626538288,Healthy Innovation,Евгения М.,16 Марта 2023,4.0,,,
626538288,Healthy Innovation,Вероника И.,16 Марта 2023,5.0,,,
626538288,Healthy Innovation,Дмитрий К.,15 Марта 2023,4.0,,,
626538288,Healthy Innovation,Ilya I.,10 Марта 2023,5.0,,,
626538288,Healthy Innovation,Ilya I.,10 Марта 2023,5.0,,,
626538288,Healthy Innovation,Галина Л.,8 Марта 2023,5.0,,,
626538288,Healthy Innovation,Валерия А.,4 Марта 2023,4.0,,,
626538288,Healthy Innovation,Виктория С.,17 Сентября 2022,4.0,good soy meat,rubbery soy flavor,took greenwise chickenflavored fillet vegan caesar salad nt cook way fried probably better liked general taste soy pronounced
626538288,Healthy Innovation,Евгения В.,16 Сентября 2022,4.0,easy cook apetitic appearance aroma pleasant texture inexpensive,bitter taste slightly caught,tasty meat fragrant lazy vegan important thing quickly refresh nt tried anything like yet
626538288,Healthy Innovation,Евгения М.,15 Сентября 2022,5.0,,,
626538288,Healthy Innovation,Светлана М.,15 Сентября 2022,3.0,general bad sometimes go vegetarian change,,
626538288,Healthy Innovation,Ева Б.,13 Сентября 2022,5.0,never tasted delicious vegetable meat,,made shawarma fillet simply fried frying pan oil turned tasty thank order
626538288,Healthy Innovation,Пользователь предпочёл скрыть свои данные,13 Сентября 2022,5.0,,,
626538288,Healthy Innovation,Динара Х.,12 Сентября 2022,5.0,delicious,,
626538288,Healthy Innovation,Пользователь предпочёл скрыть свои данные,11 Сентября 2022,5.0,tasty,,
626538288,Healthy Innovation,Надежда,9 Сентября 2022,5.0,son vegetarian cooked fillet liked,,
626538288,Healthy Innovation,Пользователь предпочёл скрыть свои данные,9 Сентября 2022,5.0,really liked thing fried vegetable like,,good thing diversify diet
626538288,Healthy Innovation,Анна П.,8 Сентября 2022,5.0,look like meat,,made japanese curry meat excellent substitute ordinary meat
626538288,Healthy Innovation,IULIIA D.,7 Сентября 2022,5.0,normal food,,liked satisfying delicious greasy like hamburger box designed one person got taste already ended general advise anyone fast eat meat definitely
626538288,Healthy Innovation,IULIIA D.,7 Сентября 2022,5.0,normal food,,glad greasy put dry frying pan fried eat vegetable salad know suitable keto diet carbohydrate still comparison hi burger incredible amount fat post satisfying
626538288,Healthy Innovation,Александр Ф.,4 Сентября 2022,5.0,tasty product exceeded expectation completely indistinguishable natural chicken product already ready use cooked teriyaki sauce turned little salt necessary taken account product already salty otherwise fine take,already salt,
626538288,Healthy Innovation,Никита,2 Сентября 2022,5.0,taste good texture bad,,
626538288,Healthy Innovation,Елизавета Т.,2 Сентября 2022,3.0,edible,,nt like taste aftertaste regular soy product nt notice taste chicken fried ate added soup added spice price high opinion
626538288,Healthy Innovation,Татьяна Х.,1 Сентября 2022,5.0,,,
626538288,Healthy Innovation,Рустам А.,30 Августа 2022,5.0,,,
626538288,Healthy Innovation,Дарья Р.,29 Августа 2022,5.0,price quality,ended quickly,tasty fillet recommend everyone
626538288,Healthy Innovation,Диана С.,28 Августа 2022,5.0,good product liked everything thanks supplier,,liked everything
626538288,Healthy Innovation,Галина Л.,28 Августа 2022,3.0,used take similar meat scooter chicken flavor normal och,smell like cat food,result threw nt eaten meat long time general often buy replacement nt like product
626538288,Healthy Innovation,Пользователь предпочёл скрыть свои данные,26 Августа 2022,1.0,,soy salt,taste quality unclear questionable soy well eat soy asparagus least much salt
626538288,Healthy Innovation,Пользователь предпочёл скрыть свои данные,25 Августа 2022,4.0,opportunity diversify diet vegetarian,unusual nt like much,nt really like taste dry overloaded spice read review result probably expected probably play sauce cook tastier
626538288,Healthy Innovation,Ольга С.,21 Августа 2022,5.0,,,
626538288,Healthy Innovation,Пользователь предпочёл скрыть свои данные,21 Августа 2022,5.0,delicious intuitive cook cook eat right like lot protein composition,ozon difficulty finding product manufacturer global search search directly category inconvenient,buying greenwise fillet long time used take scooter disappeared reason take read completely
626538288,Healthy Innovation,Пользователь предпочёл скрыть свои данные,19 Августа 2022,4.0,structure meat quite tasty quickly prepared good ratio bzhu,differ much budget analogue wanted,solid
626538288,Healthy Innovation,Пользователь предпочёл скрыть свои данные,19 Августа 2022,5.0,change excellent differs seitan soy meat taste fried vegetable delicious,would possible make package choose order reduce amount plastic,
626538288,Healthy Innovation,Пользователь предпочёл скрыть свои данные,18 Августа 2022,5.0,texture real chicken,,buying vegan fillet specialty store long time finally appeared ozone fresh taste texture appearance similar chicken
626538288,Healthy Innovation,Natalia D.,17 Августа 2022,5.0,,,
626538288,Healthy Innovation,Пользователь предпочёл скрыть свои данные,17 Августа 2022,5.0,tasty convenient,,advise warmed ate
626538288,Healthy Innovation,Анастасия С.,15 Августа 2022,5.0,delicious lot protein per serving,,go vegan
626538288,Healthy Innovation,Илья Т.,14 Августа 2022,5.0,g protein per g product,price would wholesale bundle package cheaper price would super,kilocalorie considering already ready need fry boil steam like carl bodybuilder tasty
626538288,Healthy Innovation,Пользователь предпочёл скрыть свои данные,14 Августа 2022,5.0,,,
626538288,Healthy Innovation,Настя п.,11 Августа 2022,5.0,interesting taste,much packaging,general bad vegetarian little dry need use sauce
626538288,Healthy Innovation,Юлия Т.,10 Августа 2022,5.0,,,
626538288,Healthy Innovation,Инна А.,9 Августа 2022,5.0,sometimes indulge norm,strongly straight soy felt,even warm ready use
626538288,Healthy Innovation,Марина Ч.,8 Августа 2022,5.0,taste,price,structure similar meat vkks excellent vegan tomorrow treat omnivore see say
626538288,Healthy Innovation,Марина Ч.,8 Августа 2022,5.0,taste,price,good structure similar meat vegan long time tomorrow treat omnivore see say
626538288,Healthy Innovation,Елизавета Д.,8 Августа 2022,5.0,,,
626538288,Healthy Innovation,Юлия Л.,8 Августа 2022,5.0,good substitute animal meat,,eat meat excellent option well fried piece fibrous structure used sauce simply fried turn beautiful golden crust good option complement diet vegetarian
626538288,Healthy Innovation,Инна Лямина,6 Августа 2022,5.0,cool alternative meat,,take variety instead meat delicious simple product line cool
626538288,Healthy Innovation,Пользователь предпочёл скрыть свои данные,6 Августа 2022,5.0,delicious,unless flavor pronounced,delicious substitute natural meat buy husband variety vegetarian food also regularly take product line different type
626538288,Healthy Innovation,Максим Х.,1 Августа 2022,5.0,fibrous structure,price,due palpable fibrous structure taste better soy analogue
626538288,Healthy Innovation,Пользователь предпочёл скрыть свои данные,1 Августа 2022,5.0,quality,,good vegetable meat
626538288,Healthy Innovation,Татьяна,31 Июля 2022,5.0,composition taste,,tasty fillet cooking easy fast varied due additional ingredient onion tomato eggplant etc sauce soy tomato etc especially pleased brought something fresh ordered july brought made july expiration date november
626538288,Healthy Innovation,Сергей,31 Июля 2022,5.0,delicious,,something reminded cat food consistency frying taste became pleasant
626538288,Healthy Innovation,Лена К.,30 Июля 2022,5.0,,,
626538288,Healthy Innovation,Марина Школьник,29 Июля 2022,5.0,meat,nt find,tasty fillet take
626538288,Healthy Innovation,Кирилл П.,29 Июля 2022,5.0,satisfying oreninalno,little dry,good snack
626538288,Healthy Innovation,Диана Н.,29 Июля 2022,5.0,,,
626538288,Healthy Innovation,Лариса Б.,28 Июля 2022,1.0,,smell,look like cat food
626538288,Healthy Innovation,Пользователь предпочёл скрыть свои данные,27 Июля 2022,5.0,,,
626538288,Healthy Innovation,Пользователь предпочёл скрыть свои данные,27 Июля 2022,5.0,,,
626538288,Healthy Innovation,Кирилл И.,27 Июля 2022,5.0,,,
626538288,Healthy Innovation,Игорь Г.,26 Июля 2022,4.0,texture similar meat feel familiar chew,would like work taste little maybe adjust sauce,
626538288,Healthy Innovation,Екатерина К.,25 Июля 2022,5.0,good texture good taste fast cooking,,healthy delicious vegan
626538288,Healthy Innovation,Илья А.,24 Июля 2022,5.0,taste price,grammovka,good product combined lot thing
626538288,Healthy Innovation,Пользователь предпочёл скрыть свои данные,23 Июля 2022,5.0,delicious,,alachicken tried also delicious like fillet dense pleasant texture eat straight pack
626538288,Healthy Innovation,Пользователь предпочёл скрыть свои данные,23 Июля 2022,5.0,delicious,,really like constantly buy eat pack without cooking way
626538288,Healthy Innovation,Максим Х.,23 Июля 2022,5.0,fibrousness well felt tastier meat analogue form cauldron goulash,,structure bit like wellcooked chicken slightly freezedried chicken meat
626538288,Healthy Innovation,Пользователь предпочёл скрыть свои данные,22 Июля 2022,5.0,composition,sometimes harsh piece,general good snack option well integrated different dish
626538288,Healthy Innovation,Виталий Г.,16 Июля 2022,5.0,vegan,,tasty single chicken injured
626538288,Healthy Innovation,Виталий Г.,16 Июля 2022,5.0,vegan,,tasty single cow injured
626538288,Healthy Innovation,Пользователь предпочёл скрыть свои данные,16 Июля 2022,5.0,lot protein,,
626538288,Healthy Innovation,Анастасия Ц.,14 Июля 2022,5.0,good snack,expensive,excellent fast protein snack
